benchmark_id,sequence_id,step,seed,random_patterns,candidate_count,inserted_count,candidate_id,net,type,insertion_sequence,source_bench_sha256,inserted_bench_sha256,total_faults,detected_faults,test_coverage,fault_coverage,pattern_count,effective_pattern_count,baseline_test_coverage,baseline_fault_coverage,baseline_pattern_count,baseline_effective_pattern_count,delta_test_coverage,delta_fault_coverage,delta_pattern_count,delta_effective_pattern_count,fault_list_path,fault_csv_path,hard_fault_summary_path,hard_fault_count,undetected_fault_count,fault_status_counts,work_dir,status,error,source_plan_csv,pred_score,pred_fc,pred_pattern,elapsed_sec,source_sequence_id,source_label_csv
subckt_0197,structural:subckt_0197:00,1,2026,100000,808,1,485,__buf_split_22159,CP1,"[{""candidate_id"": 485, ""net"": ""__buf_split_22159"", ""score"": null, ""type"": ""CP1""}]",949c26dece61922f427f2b60049d4b552ed07a1cebc257469c610b1875887b1f,f74e8da8799e2ef4e7f9bd6cff9ad2bf0bf0f4d9c48aaef93e3b2de61c10611c,814,794,0.97543,0.97543,100000,68,0.9753700000000001,0.9753700000000001,100000,62,5.999999999994898e-05,5.999999999994898e-05,0,6,/data4/pengqingsong/DFT/TPI-my.3/autoresearch/loop-260720-0945/model_training_round3/long_real_labels_v2/sequences/subckt_0197/structural_subckt_0197_00/step_0001/faults.rpt,/data4/pengqingsong/DFT/TPI-my.3/autoresearch/loop-260720-0945/model_training_round3/long_real_labels_v2/sequences/subckt_0197/structural_subckt_0197_00/step_0001/faults_undetected.csv,/data4/pengqingsong/DFT/TPI-my.3/autoresearch/loop-260720-0945/model_training_round3/long_real_labels_v2/sequences/subckt_0197/structural_subckt_0197_00/step_0001/hard_fault_summary.json,20,20,"{""undetected"": 20}",autoresearch/loop-260720-0945/model_training_round3/long_real_labels_v2/sequences/subckt_0197/structural_subckt_0197_00/step_0001,ok,,,,,,0.8548698425292969,structural:subckt_0197:00,autoresearch/loop-260720-0945/model_training_round3/structural32_current/labels.csv
subckt_0197,structural:subckt_0197:00,2,2026,100000,808,2,447,__aig_not_36076,CP0,"[{""candidate_id"": 485, ""net"": ""__buf_split_22159"", ""score"": null, ""type"": ""CP1""}, {""candidate_id"": 447, ""net"": ""__aig_not_36076"", ""score"": null, ""type"": ""CP0""}]",949c26dece61922f427f2b60049d4b552ed07a1cebc257469c610b1875887b1f,5145961298c50496f121e3efe9bb4981bd615962bc67fbb3cf0e84c889b00540,818,798,0.97555,0.97555,100000,69,0.9753700000000001,0.9753700000000001,100000,62,0.00017999999999995797,0.00017999999999995797,0,7,/data4/pengqingsong/DFT/TPI-my.3/autoresearch/loop-260720-0945/model_training_round3/long_real_labels_v2/sequences/subckt_0197/structural_subckt_0197_00/step_0002/faults.rpt,/data4/pengqingsong/DFT/TPI-my.3/autoresearch/loop-260720-0945/model_training_round3/long_real_labels_v2/sequences/subckt_0197/structural_subckt_0197_00/step_0002/faults_undetected.csv,/data4/pengqingsong/DFT/TPI-my.3/autoresearch/loop-260720-0945/model_training_round3/long_real_labels_v2/sequences/subckt_0197/structural_subckt_0197_00/step_0002/hard_fault_summary.json,20,20,"{""undetected"": 20}",autoresearch/loop-260720-0945/model_training_round3/long_real_labels_v2/sequences/subckt_0197/structural_subckt_0197_00/step_0002,ok,,,,,,1.0966746807098389,structural:subckt_0197:00,autoresearch/loop-260720-0945/model_training_round3/structural32_current/labels.csv
subckt_0197,structural:subckt_0197:00,3,2026,100000,808,3,357,__aig_and_35147,CP1,"[{""candidate_id"": 485, ""net"": ""__buf_split_22159"", ""score"": null, ""type"": ""CP1""}, {""candidate_id"": 447, ""net"": ""__aig_not_36076"", ""score"": null, ""type"": ""CP0""}, {""candidate_id"": 357, ""net"": ""__aig_and_35147"", ""score"": null, ""type"": ""CP1""}]",949c26dece61922f427f2b60049d4b552ed07a1cebc257469c610b1875887b1f,27a4d014caa4e4138e54447d51c681e6410054956d8a943c7a252ee43706c31e,820,800,0.9756100000000001,0.9756100000000001,100000,65,0.9753700000000001,0.9753700000000001,100000,62,0.00024000000000001798,0.00024000000000001798,0,3,/data4/pengqingsong/DFT/TPI-my.3/autoresearch/loop-260720-0945/model_training_round3/long_real_labels_v2/sequences/subckt_0197/structural_subckt_0197_00/step_0003/faults.rpt,/data4/pengqingsong/DFT/TPI-my.3/autoresearch/loop-260720-0945/model_training_round3/long_real_labels_v2/sequences/subckt_0197/structural_subckt_0197_00/step_0003/faults_undetected.csv,/data4/pengqingsong/DFT/TPI-my.3/autoresearch/loop-260720-0945/model_training_round3/long_real_labels_v2/sequences/subckt_0197/structural_subckt_0197_00/step_0003/hard_fault_summary.json,20,20,"{""undetected"": 20}",autoresearch/loop-260720-0945/model_training_round3/long_real_labels_v2/sequences/subckt_0197/structural_subckt_0197_00/step_0003,ok,,,,,,0.6889212131500244,structural:subckt_0197:00,autoresearch/loop-260720-0945/model_training_round3/structural32_current/labels.csv
subckt_0197,structural:subckt_0197:00,4,2026,100000,808,4,426,__aig_and_36065,CP1,"[{""candidate_id"": 485, ""net"": ""__buf_split_22159"", ""score"": null, ""type"": ""CP1""}, {""candidate_id"": 447, ""net"": ""__aig_not_36076"", ""score"": null, ""type"": ""CP0""}, {""candidate_id"": 357, ""net"": ""__aig_and_35147"", ""score"": null, ""type"": ""CP1""}, {""candidate_id"": 426, ""net"": ""__aig_and_36065"", ""score"": null, ""type"": ""CP1""}]",949c26dece61922f427f2b60049d4b552ed07a1cebc257469c610b1875887b1f,0a964211b7cac1752774168165db02e4784672ad61289d6061081bedacc20f47,822,800,0.97324,0.97324,100000,64,0.9753700000000001,0.9753700000000001,100000,62,-0.0021300000000000763,-0.0021300000000000763,0,2,/data4/pengqingsong/DFT/TPI-my.3/autoresearch/loop-260720-0945/model_training_round3/long_real_labels_v2/sequences/subckt_0197/structural_subckt_0197_00/step_0004/faults.rpt,/data4/pengqingsong/DFT/TPI-my.3/autoresearch/loop-260720-0945/model_training_round3/long_real_labels_v2/sequences/subckt_0197/structural_subckt_0197_00/step_0004/faults_undetected.csv,/data4/pengqingsong/DFT/TPI-my.3/autoresearch/loop-260720-0945/model_training_round3/long_real_labels_v2/sequences/subckt_0197/structural_subckt_0197_00/step_0004/hard_fault_summary.json,22,22,"{""undetected"": 22}",autoresearch/loop-260720-0945/model_training_round3/long_real_labels_v2/sequences/subckt_0197/structural_subckt_0197_00/step_0004,ok,,,,,,0.8187334537506104,structural:subckt_0197:00,autoresearch/loop-260720-0945/model_training_round3/structural32_current/labels.csv
subckt_0197,structural:subckt_0197:00,5,2026,100000,808,5,630,__aig_and_37593,CP1,"[{""candidate_id"": 485, ""net"": ""__buf_split_22159"", ""score"": null, ""type"": ""CP1""}, {""candidate_id"": 447, ""net"": ""__aig_not_36076"", ""score"": null, ""type"": ""CP0""}, {""candidate_id"": 357, ""net"": ""__aig_and_35147"", ""score"": null, ""type"": ""CP1""}, {""candidate_id"": 426, ""net"": ""__aig_and_36065"", ""score"": null, ""type"": ""CP1""}, {""candidate_id"": 630, ""net"": ""__aig_and_37593"", ""score"": null, ""type"": ""CP1""}]",949c26dece61922f427f2b60049d4b552ed07a1cebc257469c610b1875887b1f,9958ed76f9fd8bc4c7109fd089c363dbfe16a61439bf16cb501a96ccce13002c,824,802,0.9732999999999999,0.9732999999999999,100000,63,0.9753700000000001,0.9753700000000001,100000,62,-0.0020700000000001273,-0.0020700000000001273,0,1,/data4/pengqingsong/DFT/TPI-my.3/autoresearch/loop-260720-0945/model_training_round3/long_real_labels_v2/sequences/subckt_0197/structural_subckt_0197_00/step_0005/faults.rpt,/data4/pengqingsong/DFT/TPI-my.3/autoresearch/loop-260720-0945/model_training_round3/long_real_labels_v2/sequences/subckt_0197/structural_subckt_0197_00/step_0005/faults_undetected.csv,/data4/pengqingsong/DFT/TPI-my.3/autoresearch/loop-260720-0945/model_training_round3/long_real_labels_v2/sequences/subckt_0197/structural_subckt_0197_00/step_0005/hard_fault_summary.json,22,22,"{""undetected"": 22}",autoresearch/loop-260720-0945/model_training_round3/long_real_labels_v2/sequences/subckt_0197/structural_subckt_0197_00/step_0005,ok,,,,,,0.7138309478759766,structural:subckt_0197:00,autoresearch/loop-260720-0945/model_training_round3/structural32_current/labels.csv
subckt_0197,structural:subckt_0197:00,6,2026,100000,808,6,367,__aig_not_35153,CP0,"[{""candidate_id"": 485, ""net"": ""__buf_split_22159"", ""score"": null, ""type"": ""CP1""}, {""candidate_id"": 447, ""net"": ""__aig_not_36076"", ""score"": null, ""type"": ""CP0""}, {""candidate_id"": 357, ""net"": ""__aig_and_35147"", ""score"": null, ""type"": ""CP1""}, {""candidate_id"": 426, ""net"": ""__aig_and_36065"", ""score"": null, ""type"": ""CP1""}, {""candidate_id"": 630, ""net"": ""__aig_and_37593"", ""score"": null, ""type"": ""CP1""}, {""candidate_id"": 367, ""net"": ""__aig_not_35153"", ""score"": null, ""type"": ""CP0""}]",949c26dece61922f427f2b60049d4b552ed07a1cebc257469c610b1875887b1f,3be068ec4507ea3aacca0485c4125dd37a353773e6976d73468d58d9383cc482,828,802,0.9686,0.9686,100000,63,0.9753700000000001,0.9753700000000001,100000,62,-0.006770000000000054,-0.006770000000000054,0,1,/data4/pengqingsong/DFT/TPI-my.3/autoresearch/loop-260720-0945/model_training_round3/long_real_labels_v2/sequences/subckt_0197/structural_subckt_0197_00/step_0006/faults.rpt,/data4/pengqingsong/DFT/TPI-my.3/autoresearch/loop-260720-0945/model_training_round3/long_real_labels_v2/sequences/subckt_0197/structural_subckt_0197_00/step_0006/faults_undetected.csv,/data4/pengqingsong/DFT/TPI-my.3/autoresearch/loop-260720-0945/model_training_round3/long_real_labels_v2/sequences/subckt_0197/structural_subckt_0197_00/step_0006/hard_fault_summary.json,26,26,"{""undetected"": 26}",autoresearch/loop-260720-0945/model_training_round3/long_real_labels_v2/sequences/subckt_0197/structural_subckt_0197_00/step_0006,ok,,,,,,0.6280231475830078,structural:subckt_0197:00,autoresearch/loop-260720-0945/model_training_round3/structural32_current/labels.csv
subckt_0197,structural:subckt_0197:00,7,2026,100000,808,7,628,new_n15549,CP0,"[{""candidate_id"": 485, ""net"": ""__buf_split_22159"", ""score"": null, ""type"": ""CP1""}, {""candidate_id"": 447, ""net"": ""__aig_not_36076"", ""score"": null, ""type"": ""CP0""}, {""candidate_id"": 357, ""net"": ""__aig_and_35147"", ""score"": null, ""type"": ""CP1""}, {""candidate_id"": 426, ""net"": ""__aig_and_36065"", ""score"": null, ""type"": ""CP1""}, {""candidate_id"": 630, ""net"": ""__aig_and_37593"", ""score"": null, ""type"": ""CP1""}, {""candidate_id"": 367, ""net"": ""__aig_not_35153"", ""score"": null, ""type"": ""CP0""}, {""candidate_id"": 628, ""net"": ""new_n15549"", ""score"": null, ""type"": ""CP0""}]",949c26dece61922f427f2b60049d4b552ed07a1cebc257469c610b1875887b1f,7466b1e0144ea8682f214f7b56b4615762cfd49117b4b21d00a489b1f7d8a909,830,803,0.96747,0.96747,100000,63,0.9753700000000001,0.9753700000000001,100000,62,-0.007900000000000018,-0.007900000000000018,0,1,/data4/pengqingsong/DFT/TPI-my.3/autoresearch/loop-260720-0945/model_training_round3/long_real_labels_v2/sequences/subckt_0197/structural_subckt_0197_00/step_0007/faults.rpt,/data4/pengqingsong/DFT/TPI-my.3/autoresearch/loop-260720-0945/model_training_round3/long_real_labels_v2/sequences/subckt_0197/structural_subckt_0197_00/step_0007/faults_undetected.csv,/data4/pengqingsong/DFT/TPI-my.3/autoresearch/loop-260720-0945/model_training_round3/long_real_labels_v2/sequences/subckt_0197/structural_subckt_0197_00/step_0007/hard_fault_summary.json,27,27,"{""undetected"": 27}",autoresearch/loop-260720-0945/model_training_round3/long_real_labels_v2/sequences/subckt_0197/structural_subckt_0197_00/step_0007,ok,,,,,,0.7796425819396973,structural:subckt_0197:00,autoresearch/loop-260720-0945/model_training_round3/structural32_current/labels.csv
subckt_0197,structural:subckt_0197:00,8,2026,100000,808,8,629,__aig_not_37591,CP1,"[{""candidate_id"": 485, ""net"": ""__buf_split_22159"", ""score"": null, ""type"": ""CP1""}, {""candidate_id"": 447, ""net"": ""__aig_not_36076"", ""score"": null, ""type"": ""CP0""}, {""candidate_id"": 357, ""net"": ""__aig_and_35147"", ""score"": null, ""type"": ""CP1""}, {""candidate_id"": 426, ""net"": ""__aig_and_36065"", ""score"": null, ""type"": ""CP1""}, {""candidate_id"": 630, ""net"": ""__aig_and_37593"", ""score"": null, ""type"": ""CP1""}, {""candidate_id"": 367, ""net"": ""__aig_not_35153"", ""score"": null, ""type"": ""CP0""}, {""candidate_id"": 628, ""net"": ""new_n15549"", ""score"": null, ""type"": ""CP0""}, {""candidate_id"": 629, ""net"": ""__aig_not_37591"", ""score"": null, ""type"": ""CP1""}]",949c26dece61922f427f2b60049d4b552ed07a1cebc257469c610b1875887b1f,973d3c0e8082f1fd51452c4f4f31b5d0fbd4135754111f8009cd918b98ea5141,832,804,0.96635,0.96635,100000,63,0.9753700000000001,0.9753700000000001,100000,62,-0.009020000000000028,-0.009020000000000028,0,1,/data4/pengqingsong/DFT/TPI-my.3/autoresearch/loop-260720-0945/model_training_round3/long_real_labels_v2/sequences/subckt_0197/structural_subckt_0197_00/step_0008/faults.rpt,/data4/pengqingsong/DFT/TPI-my.3/autoresearch/loop-260720-0945/model_training_round3/long_real_labels_v2/sequences/subckt_0197/structural_subckt_0197_00/step_0008/faults_undetected.csv,/data4/pengqingsong/DFT/TPI-my.3/autoresearch/loop-260720-0945/model_training_round3/long_real_labels_v2/sequences/subckt_0197/structural_subckt_0197_00/step_0008/hard_fault_summary.json,28,28,"{""undetected"": 28}",autoresearch/loop-260720-0945/model_training_round3/long_real_labels_v2/sequences/subckt_0197/structural_subckt_0197_00/step_0008,ok,,,,,,0.8447585105895996,structural:subckt_0197:00,autoresearch/loop-260720-0945/model_training_round3/structural32_current/labels.csv
subckt_0197,structural:subckt_0197:00,9,2026,100000,808,9,373,__aig_and_36037,OP,"[{""candidate_id"": 485, ""net"": ""__buf_split_22159"", ""score"": null, ""type"": ""CP1""}, {""candidate_id"": 447, ""net"": ""__aig_not_36076"", ""score"": null, ""type"": ""CP0""}, {""candidate_id"": 357, ""net"": ""__aig_and_35147"", ""score"": null, ""type"": ""CP1""}, {""candidate_id"": 426, ""net"": ""__aig_and_36065"", ""score"": null, ""type"": ""CP1""}, {""candidate_id"": 630, ""net"": ""__aig_and_37593"", ""score"": null, ""type"": ""CP1""}, {""candidate_id"": 367, ""net"": ""__aig_not_35153"", ""score"": null, ""type"": ""CP0""}, {""candidate_id"": 628, ""net"": ""new_n15549"", ""score"": null, ""type"": ""CP0""}, {""candidate_id"": 629, ""net"": ""__aig_not_37591"", ""score"": null, ""type"": ""CP1""}, {""candidate_id"": 373, ""net"": ""__aig_and_36037"", ""score"": null, ""type"": ""OP""}]",949c26dece61922f427f2b60049d4b552ed07a1cebc257469c610b1875887b1f,93e4eaacebe1d25a2a854f027e159462d71ec41b50920c5e793446967468f1a3,836,808,0.96651,0.96651,100000,63,0.9753700000000001,0.9753700000000001,100000,62,-0.00886000000000009,-0.00886000000000009,0,1,/data4/pengqingsong/DFT/TPI-my.3/autoresearch/loop-260720-0945/model_training_round3/long_real_labels_v2/sequences/subckt_0197/structural_subckt_0197_00/step_0009/faults.rpt,/data4/pengqingsong/DFT/TPI-my.3/autoresearch/loop-260720-0945/model_training_round3/long_real_labels_v2/sequences/subckt_0197/structural_subckt_0197_00/step_0009/faults_undetected.csv,/data4/pengqingsong/DFT/TPI-my.3/autoresearch/loop-260720-0945/model_training_round3/long_real_labels_v2/sequences/subckt_0197/structural_subckt_0197_00/step_0009/hard_fault_summary.json,28,28,"{""undetected"": 28}",autoresearch/loop-260720-0945/model_training_round3/long_real_labels_v2/sequences/subckt_0197/structural_subckt_0197_00/step_0009,ok,,,,,,0.7770750522613525,structural:subckt_0197:00,autoresearch/loop-260720-0945/model_training_round3/structural32_current/labels.csv
subckt_0197,structural:subckt_0197:00,10,2026,100000,808,10,366,__aig_not_35152,CP0,"[{""candidate_id"": 485, ""net"": ""__buf_split_22159"", ""score"": null, ""type"": ""CP1""}, {""candidate_id"": 447, ""net"": ""__aig_not_36076"", ""score"": null, ""type"": ""CP0""}, {""candidate_id"": 357, ""net"": ""__aig_and_35147"", ""score"": null, ""type"": ""CP1""}, {""candidate_id"": 426, ""net"": ""__aig_and_36065"", ""score"": null, ""type"": ""CP1""}, {""candidate_id"": 630, ""net"": ""__aig_and_37593"", ""score"": null, ""type"": ""CP1""}, {""candidate_id"": 367, ""net"": ""__aig_not_35153"", ""score"": null, ""type"": ""CP0""}, {""candidate_id"": 628, ""net"": ""new_n15549"", ""score"": null, ""type"": ""CP0""}, {""candidate_id"": 629, ""net"": ""__aig_not_37591"", ""score"": null, ""type"": ""CP1""}, {""candidate_id"": 373, ""net"": ""__aig_and_36037"", ""score"": null, ""type"": ""OP""}, {""candidate_id"": 366, ""net"": ""__aig_not_35152"", ""score"": null, ""type"": ""CP0""}]",949c26dece61922f427f2b60049d4b552ed07a1cebc257469c610b1875887b1f,c2b645ecb009300ac1797a896971c786dfcdcf8c7182287776c236c0241a16cf,838,808,0.9642000000000001,0.9642000000000001,100000,63,0.9753700000000001,0.9753700000000001,100000,62,-0.011170000000000013,-0.011170000000000013,0,1,/data4/pengqingsong/DFT/TPI-my.3/autoresearch/loop-260720-0945/model_training_round3/long_real_labels_v2/sequences/subckt_0197/structural_subckt_0197_00/step_0010/faults.rpt,/data4/pengqingsong/DFT/TPI-my.3/autoresearch/loop-260720-0945/model_training_round3/long_real_labels_v2/sequences/subckt_0197/structural_subckt_0197_00/step_0010/faults_undetected.csv,/data4/pengqingsong/DFT/TPI-my.3/autoresearch/loop-260720-0945/model_training_round3/long_real_labels_v2/sequences/subckt_0197/structural_subckt_0197_00/step_0010/hard_fault_summary.json,30,30,"{""undetected"": 30}",autoresearch/loop-260720-0945/model_training_round3/long_real_labels_v2/sequences/subckt_0197/structural_subckt_0197_00/step_0010,ok,,,,,,0.8270204067230225,structural:subckt_0197:00,autoresearch/loop-260720-0945/model_training_round3/structural32_current/labels.csv
subckt_0197,structural:subckt_0197:00,11,2026,100000,808,11,435,new_n14939,CP1,"[{""candidate_id"": 485, ""net"": ""__buf_split_22159"", ""score"": null, ""type"": ""CP1""}, {""candidate_id"": 447, ""net"": ""__aig_not_36076"", ""score"": null, ""type"": ""CP0""}, {""candidate_id"": 357, ""net"": ""__aig_and_35147"", ""score"": null, ""type"": ""CP1""}, {""candidate_id"": 426, ""net"": ""__aig_and_36065"", ""score"": null, ""type"": ""CP1""}, {""candidate_id"": 630, ""net"": ""__aig_and_37593"", ""score"": null, ""type"": ""CP1""}, {""candidate_id"": 367, ""net"": ""__aig_not_35153"", ""score"": null, ""type"": ""CP0""}, {""candidate_id"": 628, ""net"": ""new_n15549"", ""score"": null, ""type"": ""CP0""}, {""candidate_id"": 629, ""net"": ""__aig_not_37591"", ""score"": null, ""type"": ""CP1""}, {""candidate_id"": 373, ""net"": ""__aig_and_36037"", ""score"": null, ""type"": ""OP""}, {""candidate_id"": 366, ""net"": ""__aig_not_35152"", ""score"": null, ""type"": ""CP0""}, {""candidate_id"": 435, ""net"": ""new_n14939"", ""score"": null, ""type"": ""CP1""}]",949c26dece61922f427f2b60049d4b552ed07a1cebc257469c610b1875887b1f,0e23b3ce983c45fad28c05b91924503122aa60491d112c2c902e6423055b3dda,840,808,0.9619,0.9619,100000,63,0.9753700000000001,0.9753700000000001,100000,62,-0.013470000000000093,-0.013470000000000093,0,1,/data4/pengqingsong/DFT/TPI-my.3/autoresearch/loop-260720-0945/model_training_round3/long_real_labels_v2/sequences/subckt_0197/structural_subckt_0197_00/step_0011/faults.rpt,/data4/pengqingsong/DFT/TPI-my.3/autoresearch/loop-260720-0945/model_training_round3/long_real_labels_v2/sequences/subckt_0197/structural_subckt_0197_00/step_0011/faults_undetected.csv,/data4/pengqingsong/DFT/TPI-my.3/autoresearch/loop-260720-0945/model_training_round3/long_real_labels_v2/sequences/subckt_0197/structural_subckt_0197_00/step_0011/hard_fault_summary.json,32,32,"{""undetected"": 32}",autoresearch/loop-260720-0945/model_training_round3/long_real_labels_v2/sequences/subckt_0197/structural_subckt_0197_00/step_0011,ok,,,,,,0.9770243167877197,structural:subckt_0197:00,autoresearch/loop-260720-0945/model_training_round3/structural32_current/labels.csv
subckt_0197,structural:subckt_0197:00,12,2026,100000,808,12,399,__buf_split_22133,CP1,"[{""candidate_id"": 485, ""net"": ""__buf_split_22159"", ""score"": null, ""type"": ""CP1""}, {""candidate_id"": 447, ""net"": ""__aig_not_36076"", ""score"": null, ""type"": ""CP0""}, {""candidate_id"": 357, ""net"": ""__aig_and_35147"", ""score"": null, ""type"": ""CP1""}, {""candidate_id"": 426, ""net"": ""__aig_and_36065"", ""score"": null, ""type"": ""CP1""}, {""candidate_id"": 630, ""net"": ""__aig_and_37593"", ""score"": null, ""type"": ""CP1""}, {""candidate_id"": 367, ""net"": ""__aig_not_35153"", ""score"": null, ""type"": ""CP0""}, {""candidate_id"": 628, ""net"": ""new_n15549"", ""score"": null, ""type"": ""CP0""}, {""candidate_id"": 629, ""net"": ""__aig_not_37591"", ""score"": null, ""type"": ""CP1""}, {""candidate_id"": 373, ""net"": ""__aig_and_36037"", ""score"": null, ""type"": ""OP""}, {""candidate_id"": 366, ""net"": ""__aig_not_35152"", ""score"": null, ""type"": ""CP0""}, {""candidate_id"": 435, ""net"": ""new_n14939"", ""score"": null, ""type"": ""CP1""}, {""candidate_id"": 399, ""net"": ""__buf_split_22133"", ""score"": null, ""type"": ""CP1""}]",949c26dece61922f427f2b60049d4b552ed07a1cebc257469c610b1875887b1f,b8e67bf04e53716a4b034a93617c42f4b3cd150047fd7f44fbcfe708af21b731,842,810,0.9620000000000001,0.9620000000000001,100000,62,0.9753700000000001,0.9753700000000001,100000,62,-0.013369999999999993,-0.013369999999999993,0,0,/data4/pengqingsong/DFT/TPI-my.3/autoresearch/loop-260720-0945/model_training_round3/long_real_labels_v2/sequences/subckt_0197/structural_subckt_0197_00/step_0012/faults.rpt,/data4/pengqingsong/DFT/TPI-my.3/autoresearch/loop-260720-0945/model_training_round3/long_real_labels_v2/sequences/subckt_0197/structural_subckt_0197_00/step_0012/faults_undetected.csv,/data4/pengqingsong/DFT/TPI-my.3/autoresearch/loop-260720-0945/model_training_round3/long_real_labels_v2/sequences/subckt_0197/structural_subckt_0197_00/step_0012/hard_fault_summary.json,32,32,"{""undetected"": 32}",autoresearch/loop-260720-0945/model_training_round3/long_real_labels_v2/sequences/subckt_0197/structural_subckt_0197_00/step_0012,ok,,,,,,0.8110411167144775,structural:subckt_0197:00,autoresearch/loop-260720-0945/model_training_round3/structural32_current/labels.csv
subckt_0197,structural:subckt_0197:00,13,2026,100000,808,13,353,__aig_and_35145,CP1,"[{""candidate_id"": 485, ""net"": ""__buf_split_22159"", ""score"": null, ""type"": ""CP1""}, {""candidate_id"": 447, ""net"": ""__aig_not_36076"", ""score"": null, ""type"": ""CP0""}, {""candidate_id"": 357, ""net"": ""__aig_and_35147"", ""score"": null, ""type"": ""CP1""}, {""candidate_id"": 426, ""net"": ""__aig_and_36065"", ""score"": null, ""type"": ""CP1""}, {""candidate_id"": 630, ""net"": ""__aig_and_37593"", ""score"": null, ""type"": ""CP1""}, {""candidate_id"": 367, ""net"": ""__aig_not_35153"", ""score"": null, ""type"": ""CP0""}, {""candidate_id"": 628, ""net"": ""new_n15549"", ""score"": null, ""type"": ""CP0""}, {""candidate_id"": 629, ""net"": ""__aig_not_37591"", ""score"": null, ""type"": ""CP1""}, {""candidate_id"": 373, ""net"": ""__aig_and_36037"", ""score"": null, ""type"": ""OP""}, {""candidate_id"": 366, ""net"": ""__aig_not_35152"", ""score"": null, ""type"": ""CP0""}, {""candidate_id"": 435, ""net"": ""new_n14939"", ""score"": null, ""type"": ""CP1""}, {""candidate_id"": 399, ""net"": ""__buf_split_22133"", ""score"": null, ""type"": ""CP1""}, {""candidate_id"": 353, ""net"": ""__aig_and_35145"", ""score"": null, ""type"": ""CP1""}]",949c26dece61922f427f2b60049d4b552ed07a1cebc257469c610b1875887b1f,a0a3087b962cc4baffc8ceb4a8554c4e84c759fd18fb0da9eec559eec4342709,844,811,0.9609000000000001,0.9609000000000001,100000,60,0.9753700000000001,0.9753700000000001,100000,62,-0.014469999999999983,-0.014469999999999983,0,-2,/data4/pengqingsong/DFT/TPI-my.3/autoresearch/loop-260720-0945/model_training_round3/long_real_labels_v2/sequences/subckt_0197/structural_subckt_0197_00/step_0013/faults.rpt,/data4/pengqingsong/DFT/TPI-my.3/autoresearch/loop-260720-0945/model_training_round3/long_real_labels_v2/sequences/subckt_0197/structural_subckt_0197_00/step_0013/faults_undetected.csv,/data4/pengqingsong/DFT/TPI-my.3/autoresearch/loop-260720-0945/model_training_round3/long_real_labels_v2/sequences/subckt_0197/structural_subckt_0197_00/step_0013/hard_fault_summary.json,33,33,"{""undetected"": 33}",autoresearch/loop-260720-0945/model_training_round3/long_real_labels_v2/sequences/subckt_0197/structural_subckt_0197_00/step_0013,ok,,,,,,0.7463641166687012,structural:subckt_0197:00,autoresearch/loop-260720-0945/model_training_round3/structural32_current/labels.csv
subckt_0197,structural:subckt_0197:00,14,2026,100000,808,14,403,__buf_split_22134,CP1,"[{""candidate_id"": 485, ""net"": ""__buf_split_22159"", ""score"": null, ""type"": ""CP1""}, {""candidate_id"": 447, ""net"": ""__aig_not_36076"", ""score"": null, ""type"": ""CP0""}, {""candidate_id"": 357, ""net"": ""__aig_and_35147"", ""score"": null, ""type"": ""CP1""}, {""candidate_id"": 426, ""net"": ""__aig_and_36065"", ""score"": null, ""type"": ""CP1""}, {""candidate_id"": 630, ""net"": ""__aig_and_37593"", ""score"": null, ""type"": ""CP1""}, {""candidate_id"": 367, ""net"": ""__aig_not_35153"", ""score"": null, ""type"": ""CP0""}, {""candidate_id"": 628, ""net"": ""new_n15549"", ""score"": null, ""type"": ""CP0""}, {""candidate_id"": 629, ""net"": ""__aig_not_37591"", ""score"": null, ""type"": ""CP1""}, {""candidate_id"": 373, ""net"": ""__aig_and_36037"", ""score"": null, ""type"": ""OP""}, {""candidate_id"": 366, ""net"": ""__aig_not_35152"", ""score"": null, ""type"": ""CP0""}, {""candidate_id"": 435, ""net"": ""new_n14939"", ""score"": null, ""type"": ""CP1""}, {""candidate_id"": 399, ""net"": ""__buf_split_22133"", ""score"": null, ""type"": ""CP1""}, {""candidate_id"": 353, ""net"": ""__aig_and_35145"", ""score"": null, ""type"": ""CP1""}, {""candidate_id"": 403, ""net"": ""__buf_split_22134"", ""score"": null, ""type"": ""CP1""}]",949c26dece61922f427f2b60049d4b552ed07a1cebc257469c610b1875887b1f,bd8f23f1015ef60501c2b9e8172a5453d7db4c5f4041cc492b25eca88b3ad351,846,813,0.96099,0.96099,100000,60,0.9753700000000001,0.9753700000000001,100000,62,-0.01438000000000006,-0.01438000000000006,0,-2,/data4/pengqingsong/DFT/TPI-my.3/autoresearch/loop-260720-0945/model_training_round3/long_real_labels_v2/sequences/subckt_0197/structural_subckt_0197_00/step_0014/faults.rpt,/data4/pengqingsong/DFT/TPI-my.3/autoresearch/loop-260720-0945/model_training_round3/long_real_labels_v2/sequences/subckt_0197/structural_subckt_0197_00/step_0014/faults_undetected.csv,/data4/pengqingsong/DFT/TPI-my.3/autoresearch/loop-260720-0945/model_training_round3/long_real_labels_v2/sequences/subckt_0197/structural_subckt_0197_00/step_0014/hard_fault_summary.json,33,33,"{""undetected"": 33}",autoresearch/loop-260720-0945/model_training_round3/long_real_labels_v2/sequences/subckt_0197/structural_subckt_0197_00/step_0014,ok,,,,,,0.5064346790313721,structural:subckt_0197:00,autoresearch/loop-260720-0945/model_training_round3/structural32_current/labels.csv
subckt_0197,structural:subckt_0197:00,15,2026,100000,808,15,416,__aig_and_36060,OP,"[{""candidate_id"": 485, ""net"": ""__buf_split_22159"", ""score"": null, ""type"": ""CP1""}, {""candidate_id"": 447, ""net"": ""__aig_not_36076"", ""score"": null, ""type"": ""CP0""}, {""candidate_id"": 357, ""net"": ""__aig_and_35147"", ""score"": null, ""type"": ""CP1""}, {""candidate_id"": 426, ""net"": ""__aig_and_36065"", ""score"": null, ""type"": ""CP1""}, {""candidate_id"": 630, ""net"": ""__aig_and_37593"", ""score"": null, ""type"": ""CP1""}, {""candidate_id"": 367, ""net"": ""__aig_not_35153"", ""score"": null, ""type"": ""CP0""}, {""candidate_id"": 628, ""net"": ""new_n15549"", ""score"": null, ""type"": ""CP0""}, {""candidate_id"": 629, ""net"": ""__aig_not_37591"", ""score"": null, ""type"": ""CP1""}, {""candidate_id"": 373, ""net"": ""__aig_and_36037"", ""score"": null, ""type"": ""OP""}, {""candidate_id"": 366, ""net"": ""__aig_not_35152"", ""score"": null, ""type"": ""CP0""}, {""candidate_id"": 435, ""net"": ""new_n14939"", ""score"": null, ""type"": ""CP1""}, {""candidate_id"": 399, ""net"": ""__buf_split_22133"", ""score"": null, ""type"": ""CP1""}, {""candidate_id"": 353, ""net"": ""__aig_and_35145"", ""score"": null, ""type"": ""CP1""}, {""candidate_id"": 403, ""net"": ""__buf_split_22134"", ""score"": null, ""type"": ""CP1""}, {""candidate_id"": 416, ""net"": ""__aig_and_36060"", ""score"": null, ""type"": ""OP""}]",949c26dece61922f427f2b60049d4b552ed07a1cebc257469c610b1875887b1f,02318c46900cd504eeffe5ab3e07d6cfaf18392fb35298857003346db5cf3dda,850,818,0.96235,0.96235,100000,58,0.9753700000000001,0.9753700000000001,100000,62,-0.013020000000000032,-0.013020000000000032,0,-4,/data4/pengqingsong/DFT/TPI-my.3/autoresearch/loop-260720-0945/model_training_round3/long_real_labels_v2/sequences/subckt_0197/structural_subckt_0197_00/step_0015/faults.rpt,/data4/pengqingsong/DFT/TPI-my.3/autoresearch/loop-260720-0945/model_training_round3/long_real_labels_v2/sequences/subckt_0197/structural_subckt_0197_00/step_0015/faults_undetected.csv,/data4/pengqingsong/DFT/TPI-my.3/autoresearch/loop-260720-0945/model_training_round3/long_real_labels_v2/sequences/subckt_0197/structural_subckt_0197_00/step_0015/hard_fault_summary.json,32,32,"{""undetected"": 32}",autoresearch/loop-260720-0945/model_training_round3/long_real_labels_v2/sequences/subckt_0197/structural_subckt_0197_00/step_0015,ok,,,,,,0.7513017654418945,structural:subckt_0197:00,autoresearch/loop-260720-0945/model_training_round3/structural32_current/labels.csv
subckt_0197,structural:subckt_0197:00,16,2026,100000,808,16,369,__aig_and_35155,CP0,"[{""candidate_id"": 485, ""net"": ""__buf_split_22159"", ""score"": null, ""type"": ""CP1""}, {""candidate_id"": 447, ""net"": ""__aig_not_36076"", ""score"": null, ""type"": ""CP0""}, {""candidate_id"": 357, ""net"": ""__aig_and_35147"", ""score"": null, ""type"": ""CP1""}, {""candidate_id"": 426, ""net"": ""__aig_and_36065"", ""score"": null, ""type"": ""CP1""}, {""candidate_id"": 630, ""net"": ""__aig_and_37593"", ""score"": null, ""type"": ""CP1""}, {""candidate_id"": 367, ""net"": ""__aig_not_35153"", ""score"": null, ""type"": ""CP0""}, {""candidate_id"": 628, ""net"": ""new_n15549"", ""score"": null, ""type"": ""CP0""}, {""candidate_id"": 629, ""net"": ""__aig_not_37591"", ""score"": null, ""type"": ""CP1""}, {""candidate_id"": 373, ""net"": ""__aig_and_36037"", ""score"": null, ""type"": ""OP""}, {""candidate_id"": 366, ""net"": ""__aig_not_35152"", ""score"": null, ""type"": ""CP0""}, {""candidate_id"": 435, ""net"": ""new_n14939"", ""score"": null, ""type"": ""CP1""}, {""candidate_id"": 399, ""net"": ""__buf_split_22133"", ""score"": null, ""type"": ""CP1""}, {""candidate_id"": 353, ""net"": ""__aig_and_35145"", ""score"": null, ""type"": ""CP1""}, {""candidate_id"": 403, ""net"": ""__buf_split_22134"", ""score"": null, ""type"": ""CP1""}, {""candidate_id"": 416, ""net"": ""__aig_and_36060"", ""score"": null, ""type"": ""OP""}, {""candidate_id"": 369, ""net"": ""__aig_and_35155"", ""score"": null, ""type"": ""CP0""}]",949c26dece61922f427f2b60049d4b552ed07a1cebc257469c610b1875887b1f,e7ac30604a79473d2b7489ccc625993b31b7ec994f130cacd71131525d36f8b8,852,819,0.96127,0.96127,100000,58,0.9753700000000001,0.9753700000000001,100000,62,-0.014100000000000112,-0.014100000000000112,0,-4,/data4/pengqingsong/DFT/TPI-my.3/autoresearch/loop-260720-0945/model_training_round3/long_real_labels_v2/sequences/subckt_0197/structural_subckt_0197_00/step_0016/faults.rpt,/data4/pengqingsong/DFT/TPI-my.3/autoresearch/loop-260720-0945/model_training_round3/long_real_labels_v2/sequences/subckt_0197/structural_subckt_0197_00/step_0016/faults_undetected.csv,/data4/pengqingsong/DFT/TPI-my.3/autoresearch/loop-260720-0945/model_training_round3/long_real_labels_v2/sequences/subckt_0197/structural_subckt_0197_00/step_0016/hard_fault_summary.json,33,33,"{""undetected"": 33}",autoresearch/loop-260720-0945/model_training_round3/long_real_labels_v2/sequences/subckt_0197/structural_subckt_0197_00/step_0016,ok,,,,,,0.7982187271118164,structural:subckt_0197:00,autoresearch/loop-260720-0945/model_training_round3/structural32_current/labels.csv
subckt_0197,structural:subckt_0197:00,17,2026,100000,808,17,384,new_n14928,CP1,"[{""candidate_id"": 485, ""net"": ""__buf_split_22159"", ""score"": null, ""type"": ""CP1""}, {""candidate_id"": 447, ""net"": ""__aig_not_36076"", ""score"": null, ""type"": ""CP0""}, {""candidate_id"": 357, ""net"": ""__aig_and_35147"", ""score"": null, ""type"": ""CP1""}, {""candidate_id"": 426, ""net"": ""__aig_and_36065"", ""score"": null, ""type"": ""CP1""}, {""candidate_id"": 630, ""net"": ""__aig_and_37593"", ""score"": null, ""type"": ""CP1""}, {""candidate_id"": 367, ""net"": ""__aig_not_35153"", ""score"": null, ""type"": ""CP0""}, {""candidate_id"": 628, ""net"": ""new_n15549"", ""score"": null, ""type"": ""CP0""}, {""candidate_id"": 629, ""net"": ""__aig_not_37591"", ""score"": null, ""type"": ""CP1""}, {""candidate_id"": 373, ""net"": ""__aig_and_36037"", ""score"": null, ""type"": ""OP""}, {""candidate_id"": 366, ""net"": ""__aig_not_35152"", ""score"": null, ""type"": ""CP0""}, {""candidate_id"": 435, ""net"": ""new_n14939"", ""score"": null, ""type"": ""CP1""}, {""candidate_id"": 399, ""net"": ""__buf_split_22133"", ""score"": null, ""type"": ""CP1""}, {""candidate_id"": 353, ""net"": ""__aig_and_35145"", ""score"": null, ""type"": ""CP1""}, {""candidate_id"": 403, ""net"": ""__buf_split_22134"", ""score"": null, ""type"": ""CP1""}, {""candidate_id"": 416, ""net"": ""__aig_and_36060"", ""score"": null, ""type"": ""OP""}, {""candidate_id"": 369, ""net"": ""__aig_and_35155"", ""score"": null, ""type"": ""CP0""}, {""candidate_id"": 384, ""net"": ""new_n14928"", ""score"": null, ""type"": ""CP1""}]",949c26dece61922f427f2b60049d4b552ed07a1cebc257469c610b1875887b1f,068b17c876b44da31d7a7bb79f69426ccc8cf0e53cc316f0c37729542142a2c6,854,820,0.9601900000000001,0.9601900000000001,100000,60,0.9753700000000001,0.9753700000000001,100000,62,-0.015179999999999971,-0.015179999999999971,0,-2,/data4/pengqingsong/DFT/TPI-my.3/autoresearch/loop-260720-0945/model_training_round3/long_real_labels_v2/sequences/subckt_0197/structural_subckt_0197_00/step_0017/faults.rpt,/data4/pengqingsong/DFT/TPI-my.3/autoresearch/loop-260720-0945/model_training_round3/long_real_labels_v2/sequences/subckt_0197/structural_subckt_0197_00/step_0017/faults_undetected.csv,/data4/pengqingsong/DFT/TPI-my.3/autoresearch/loop-260720-0945/model_training_round3/long_real_labels_v2/sequences/subckt_0197/structural_subckt_0197_00/step_0017/hard_fault_summary.json,34,34,"{""undetected"": 34}",autoresearch/loop-260720-0945/model_training_round3/long_real_labels_v2/sequences/subckt_0197/structural_subckt_0197_00/step_0017,ok,,,,,,1.2028322219848633,structural:subckt_0197:00,autoresearch/loop-260720-0945/model_training_round3/structural32_current/labels.csv
subckt_0197,structural:subckt_0197:00,18,2026,100000,808,18,590,__buf_split_22255,CP1,"[{""candidate_id"": 485, ""net"": ""__buf_split_22159"", ""score"": null, ""type"": ""CP1""}, {""candidate_id"": 447, ""net"": ""__aig_not_36076"", ""score"": null, ""type"": ""CP0""}, {""candidate_id"": 357, ""net"": ""__aig_and_35147"", ""score"": null, ""type"": ""CP1""}, {""candidate_id"": 426, ""net"": ""__aig_and_36065"", ""score"": null, ""type"": ""CP1""}, {""candidate_id"": 630, ""net"": ""__aig_and_37593"", ""score"": null, ""type"": ""CP1""}, {""candidate_id"": 367, ""net"": ""__aig_not_35153"", ""score"": null, ""type"": ""CP0""}, {""candidate_id"": 628, ""net"": ""new_n15549"", ""score"": null, ""type"": ""CP0""}, {""candidate_id"": 629, ""net"": ""__aig_not_37591"", ""score"": null, ""type"": ""CP1""}, {""candidate_id"": 373, ""net"": ""__aig_and_36037"", ""score"": null, ""type"": ""OP""}, {""candidate_id"": 366, ""net"": ""__aig_not_35152"", ""score"": null, ""type"": ""CP0""}, {""candidate_id"": 435, ""net"": ""new_n14939"", ""score"": null, ""type"": ""CP1""}, {""candidate_id"": 399, ""net"": ""__buf_split_22133"", ""score"": null, ""type"": ""CP1""}, {""candidate_id"": 353, ""net"": ""__aig_and_35145"", ""score"": null, ""type"": ""CP1""}, {""candidate_id"": 403, ""net"": ""__buf_split_22134"", ""score"": null, ""type"": ""CP1""}, {""candidate_id"": 416, ""net"": ""__aig_and_36060"", ""score"": null, ""type"": ""OP""}, {""candidate_id"": 369, ""net"": ""__aig_and_35155"", ""score"": null, ""type"": ""CP0""}, {""candidate_id"": 384, ""net"": ""new_n14928"", ""score"": null, ""type"": ""CP1""}, {""candidate_id"": 590, ""net"": ""__buf_split_22255"", ""score"": null, ""type"": ""CP1""}]",949c26dece61922f427f2b60049d4b552ed07a1cebc257469c610b1875887b1f,da546fd8208b44c42b8b47027ff413e74290480ec18adf9b705d56f3fe84317f,856,821,0.95911,0.95911,100000,61,0.9753700000000001,0.9753700000000001,100000,62,-0.016260000000000052,-0.016260000000000052,0,-1,/data4/pengqingsong/DFT/TPI-my.3/autoresearch/loop-260720-0945/model_training_round3/long_real_labels_v2/sequences/subckt_0197/structural_subckt_0197_00/step_0018/faults.rpt,/data4/pengqingsong/DFT/TPI-my.3/autoresearch/loop-260720-0945/model_training_round3/long_real_labels_v2/sequences/subckt_0197/structural_subckt_0197_00/step_0018/faults_undetected.csv,/data4/pengqingsong/DFT/TPI-my.3/autoresearch/loop-260720-0945/model_training_round3/long_real_labels_v2/sequences/subckt_0197/structural_subckt_0197_00/step_0018/hard_fault_summary.json,35,35,"{""undetected"": 35}",autoresearch/loop-260720-0945/model_training_round3/long_real_labels_v2/sequences/subckt_0197/structural_subckt_0197_00/step_0018,ok,,,,,,0.5814492702484131,structural:subckt_0197:00,autoresearch/loop-260720-0945/model_training_round3/structural32_current/labels.csv
subckt_0197,structural:subckt_0197:00,19,2026,100000,808,19,387,__aig_and_36045,CP1,"[{""candidate_id"": 485, ""net"": ""__buf_split_22159"", ""score"": null, ""type"": ""CP1""}, {""candidate_id"": 447, ""net"": ""__aig_not_36076"", ""score"": null, ""type"": ""CP0""}, {""candidate_id"": 357, ""net"": ""__aig_and_35147"", ""score"": null, ""type"": ""CP1""}, {""candidate_id"": 426, ""net"": ""__aig_and_36065"", ""score"": null, ""type"": ""CP1""}, {""candidate_id"": 630, ""net"": ""__aig_and_37593"", ""score"": null, ""type"": ""CP1""}, {""candidate_id"": 367, ""net"": ""__aig_not_35153"", ""score"": null, ""type"": ""CP0""}, {""candidate_id"": 628, ""net"": ""new_n15549"", ""score"": null, ""type"": ""CP0""}, {""candidate_id"": 629, ""net"": ""__aig_not_37591"", ""score"": null, ""type"": ""CP1""}, {""candidate_id"": 373, ""net"": ""__aig_and_36037"", ""score"": null, ""type"": ""OP""}, {""candidate_id"": 366, ""net"": ""__aig_not_35152"", ""score"": null, ""type"": ""CP0""}, {""candidate_id"": 435, ""net"": ""new_n14939"", ""score"": null, ""type"": ""CP1""}, {""candidate_id"": 399, ""net"": ""__buf_split_22133"", ""score"": null, ""type"": ""CP1""}, {""candidate_id"": 353, ""net"": ""__aig_and_35145"", ""score"": null, ""type"": ""CP1""}, {""candidate_id"": 403, ""net"": ""__buf_split_22134"", ""score"": null, ""type"": ""CP1""}, {""candidate_id"": 416, ""net"": ""__aig_and_36060"", ""score"": null, ""type"": ""OP""}, {""candidate_id"": 369, ""net"": ""__aig_and_35155"", ""score"": null, ""type"": ""CP0""}, {""candidate_id"": 384, ""net"": ""new_n14928"", ""score"": null, ""type"": ""CP1""}, {""candidate_id"": 590, ""net"": ""__buf_split_22255"", ""score"": null, ""type"": ""CP1""}, {""candidate_id"": 387, ""net"": ""__aig_and_36045"", ""score"": null, ""type"": ""CP1""}]",949c26dece61922f427f2b60049d4b552ed07a1cebc257469c610b1875887b1f,a4850282e51bfc73ee007f08125e02782ccdfa35512ae0f95ab6f6ff3a81faad,858,823,0.9592100000000001,0.9592100000000001,100000,60,0.9753700000000001,0.9753700000000001,100000,62,-0.016159999999999952,-0.016159999999999952,0,-2,/data4/pengqingsong/DFT/TPI-my.3/autoresearch/loop-260720-0945/model_training_round3/long_real_labels_v2/sequences/subckt_0197/structural_subckt_0197_00/step_0019/faults.rpt,/data4/pengqingsong/DFT/TPI-my.3/autoresearch/loop-260720-0945/model_training_round3/long_real_labels_v2/sequences/subckt_0197/structural_subckt_0197_00/step_0019/faults_undetected.csv,/data4/pengqingsong/DFT/TPI-my.3/autoresearch/loop-260720-0945/model_training_round3/long_real_labels_v2/sequences/subckt_0197/structural_subckt_0197_00/step_0019/hard_fault_summary.json,35,35,"{""undetected"": 35}",autoresearch/loop-260720-0945/model_training_round3/long_real_labels_v2/sequences/subckt_0197/structural_subckt_0197_00/step_0019,ok,,,,,,1.1254632472991943,structural:subckt_0197:00,autoresearch/loop-260720-0945/model_training_round3/structural32_current/labels.csv
subckt_0197,structural:subckt_0197:00,20,2026,100000,808,20,601,__aig_not_36251,CP0,"[{""candidate_id"": 485, ""net"": ""__buf_split_22159"", ""score"": null, ""type"": ""CP1""}, {""candidate_id"": 447, ""net"": ""__aig_not_36076"", ""score"": null, ""type"": ""CP0""}, {""candidate_id"": 357, ""net"": ""__aig_and_35147"", ""score"": null, ""type"": ""CP1""}, {""candidate_id"": 426, ""net"": ""__aig_and_36065"", ""score"": null, ""type"": ""CP1""}, {""candidate_id"": 630, ""net"": ""__aig_and_37593"", ""score"": null, ""type"": ""CP1""}, {""candidate_id"": 367, ""net"": ""__aig_not_35153"", ""score"": null, ""type"": ""CP0""}, {""candidate_id"": 628, ""net"": ""new_n15549"", ""score"": null, ""type"": ""CP0""}, {""candidate_id"": 629, ""net"": ""__aig_not_37591"", ""score"": null, ""type"": ""CP1""}, {""candidate_id"": 373, ""net"": ""__aig_and_36037"", ""score"": null, ""type"": ""OP""}, {""candidate_id"": 366, ""net"": ""__aig_not_35152"", ""score"": null, ""type"": ""CP0""}, {""candidate_id"": 435, ""net"": ""new_n14939"", ""score"": null, ""type"": ""CP1""}, {""candidate_id"": 399, ""net"": ""__buf_split_22133"", ""score"": null, ""type"": ""CP1""}, {""candidate_id"": 353, ""net"": ""__aig_and_35145"", ""score"": null, ""type"": ""CP1""}, {""candidate_id"": 403, ""net"": ""__buf_split_22134"", ""score"": null, ""type"": ""CP1""}, {""candidate_id"": 416, ""net"": ""__aig_and_36060"", ""score"": null, ""type"": ""OP""}, {""candidate_id"": 369, ""net"": ""__aig_and_35155"", ""score"": null, ""type"": ""CP0""}, {""candidate_id"": 384, ""net"": ""new_n14928"", ""score"": null, ""type"": ""CP1""}, {""candidate_id"": 590, ""net"": ""__buf_split_22255"", ""score"": null, ""type"": ""CP1""}, {""candidate_id"": 387, ""net"": ""__aig_and_36045"", ""score"": null, ""type"": ""CP1""}, {""candidate_id"": 601, ""net"": ""__aig_not_36251"", ""score"": null, ""type"": ""CP0""}]",949c26dece61922f427f2b60049d4b552ed07a1cebc257469c610b1875887b1f,251c60793fd5b56eaffefe2b5af57e099e6de3c1283c98328f9d3cedd65771ca,860,826,0.9604699999999999,0.9604699999999999,100000,60,0.9753700000000001,0.9753700000000001,100000,62,-0.014900000000000135,-0.014900000000000135,0,-2,/data4/pengqingsong/DFT/TPI-my.3/autoresearch/loop-260720-0945/model_training_round3/long_real_labels_v2/sequences/subckt_0197/structural_subckt_0197_00/step_0020/faults.rpt,/data4/pengqingsong/DFT/TPI-my.3/autoresearch/loop-260720-0945/model_training_round3/long_real_labels_v2/sequences/subckt_0197/structural_subckt_0197_00/step_0020/faults_undetected.csv,/data4/pengqingsong/DFT/TPI-my.3/autoresearch/loop-260720-0945/model_training_round3/long_real_labels_v2/sequences/subckt_0197/structural_subckt_0197_00/step_0020/hard_fault_summary.json,34,34,"{""undetected"": 34}",autoresearch/loop-260720-0945/model_training_round3/long_real_labels_v2/sequences/subckt_0197/structural_subckt_0197_00/step_0020,ok,,,,,,0.690485954284668,structural:subckt_0197:00,autoresearch/loop-260720-0945/model_training_round3/structural32_current/labels.csv
subckt_0197,structural:subckt_0197:00,21,2026,100000,808,21,368,__aig_and_35154,CP0,"[{""candidate_id"": 485, ""net"": ""__buf_split_22159"", ""score"": null, ""type"": ""CP1""}, {""candidate_id"": 447, ""net"": ""__aig_not_36076"", ""score"": null, ""type"": ""CP0""}, {""candidate_id"": 357, ""net"": ""__aig_and_35147"", ""score"": null, ""type"": ""CP1""}, {""candidate_id"": 426, ""net"": ""__aig_and_36065"", ""score"": null, ""type"": ""CP1""}, {""candidate_id"": 630, ""net"": ""__aig_and_37593"", ""score"": null, ""type"": ""CP1""}, {""candidate_id"": 367, ""net"": ""__aig_not_35153"", ""score"": null, ""type"": ""CP0""}, {""candidate_id"": 628, ""net"": ""new_n15549"", ""score"": null, ""type"": ""CP0""}, {""candidate_id"": 629, ""net"": ""__aig_not_37591"", ""score"": null, ""type"": ""CP1""}, {""candidate_id"": 373, ""net"": ""__aig_and_36037"", ""score"": null, ""type"": ""OP""}, {""candidate_id"": 366, ""net"": ""__aig_not_35152"", ""score"": null, ""type"": ""CP0""}, {""candidate_id"": 435, ""net"": ""new_n14939"", ""score"": null, ""type"": ""CP1""}, {""candidate_id"": 399, ""net"": ""__buf_split_22133"", ""score"": null, ""type"": ""CP1""}, {""candidate_id"": 353, ""net"": ""__aig_and_35145"", ""score"": null, ""type"": ""CP1""}, {""candidate_id"": 403, ""net"": ""__buf_split_22134"", ""score"": null, ""type"": ""CP1""}, {""candidate_id"": 416, ""net"": ""__aig_and_36060"", ""score"": null, ""type"": ""OP""}, {""candidate_id"": 369, ""net"": ""__aig_and_35155"", ""score"": null, ""type"": ""CP0""}, {""candidate_id"": 384, ""net"": ""new_n14928"", ""score"": null, ""type"": ""CP1""}, {""candidate_id"": 590, ""net"": ""__buf_split_22255"", ""score"": null, ""type"": ""CP1""}, {""candidate_id"": 387, ""net"": ""__aig_and_36045"", ""score"": null, ""type"": ""CP1""}, {""candidate_id"": 601, ""net"": ""__aig_not_36251"", ""score"": null, ""type"": ""CP0""}, {""candidate_id"": 368, ""net"": ""__aig_and_35154"", ""score"": null, ""type"": ""CP0""}]",949c26dece61922f427f2b60049d4b552ed07a1cebc257469c610b1875887b1f,77ea159435acd81901bfdbc193e0c76246bb13553d6ec7e1778bb6ad9093f9ed,862,826,0.95824,0.95824,100000,60,0.9753700000000001,0.9753700000000001,100000,62,-0.01713000000000009,-0.01713000000000009,0,-2,/data4/pengqingsong/DFT/TPI-my.3/autoresearch/loop-260720-0945/model_training_round3/long_real_labels_v2/sequences/subckt_0197/structural_subckt_0197_00/step_0021/faults.rpt,/data4/pengqingsong/DFT/TPI-my.3/autoresearch/loop-260720-0945/model_training_round3/long_real_labels_v2/sequences/subckt_0197/structural_subckt_0197_00/step_0021/faults_undetected.csv,/data4/pengqingsong/DFT/TPI-my.3/autoresearch/loop-260720-0945/model_training_round3/long_real_labels_v2/sequences/subckt_0197/structural_subckt_0197_00/step_0021/hard_fault_summary.json,36,36,"{""undetected"": 36}",autoresearch/loop-260720-0945/model_training_round3/long_real_labels_v2/sequences/subckt_0197/structural_subckt_0197_00/step_0021,ok,,,,,,1.020669937133789,structural:subckt_0197:00,autoresearch/loop-260720-0945/model_training_round3/structural32_current/labels.csv
subckt_0197,structural:subckt_0197:00,22,2026,100000,808,22,390,__buf_split_22130,CP1,"[{""candidate_id"": 485, ""net"": ""__buf_split_22159"", ""score"": null, ""type"": ""CP1""}, {""candidate_id"": 447, ""net"": ""__aig_not_36076"", ""score"": null, ""type"": ""CP0""}, {""candidate_id"": 357, ""net"": ""__aig_and_35147"", ""score"": null, ""type"": ""CP1""}, {""candidate_id"": 426, ""net"": ""__aig_and_36065"", ""score"": null, ""type"": ""CP1""}, {""candidate_id"": 630, ""net"": ""__aig_and_37593"", ""score"": null, ""type"": ""CP1""}, {""candidate_id"": 367, ""net"": ""__aig_not_35153"", ""score"": null, ""type"": ""CP0""}, {""candidate_id"": 628, ""net"": ""new_n15549"", ""score"": null, ""type"": ""CP0""}, {""candidate_id"": 629, ""net"": ""__aig_not_37591"", ""score"": null, ""type"": ""CP1""}, {""candidate_id"": 373, ""net"": ""__aig_and_36037"", ""score"": null, ""type"": ""OP""}, {""candidate_id"": 366, ""net"": ""__aig_not_35152"", ""score"": null, ""type"": ""CP0""}, {""candidate_id"": 435, ""net"": ""new_n14939"", ""score"": null, ""type"": ""CP1""}, {""candidate_id"": 399, ""net"": ""__buf_split_22133"", ""score"": null, ""type"": ""CP1""}, {""candidate_id"": 353, ""net"": ""__aig_and_35145"", ""score"": null, ""type"": ""CP1""}, {""candidate_id"": 403, ""net"": ""__buf_split_22134"", ""score"": null, ""type"": ""CP1""}, {""candidate_id"": 416, ""net"": ""__aig_and_36060"", ""score"": null, ""type"": ""OP""}, {""candidate_id"": 369, ""net"": ""__aig_and_35155"", ""score"": null, ""type"": ""CP0""}, {""candidate_id"": 384, ""net"": ""new_n14928"", ""score"": null, ""type"": ""CP1""}, {""candidate_id"": 590, ""net"": ""__buf_split_22255"", ""score"": null, ""type"": ""CP1""}, {""candidate_id"": 387, ""net"": ""__aig_and_36045"", ""score"": null, ""type"": ""CP1""}, {""candidate_id"": 601, ""net"": ""__aig_not_36251"", ""score"": null, ""type"": ""CP0""}, {""candidate_id"": 368, ""net"": ""__aig_and_35154"", ""score"": null, ""type"": ""CP0""}, {""candidate_id"": 390, ""net"": ""__buf_split_22130"", ""score"": null, ""type"": ""CP1""}]",949c26dece61922f427f2b60049d4b552ed07a1cebc257469c610b1875887b1f,64ea143e98ff1b7c2177ca2bd868ca4f1c38ed6da0adf5405a048d833a020273,864,827,0.95718,0.95718,100000,60,0.9753700000000001,0.9753700000000001,100000,62,-0.01819000000000004,-0.01819000000000004,0,-2,/data4/pengqingsong/DFT/TPI-my.3/autoresearch/loop-260720-0945/model_training_round3/long_real_labels_v2/sequences/subckt_0197/structural_subckt_0197_00/step_0022/faults.rpt,/data4/pengqingsong/DFT/TPI-my.3/autoresearch/loop-260720-0945/model_training_round3/long_real_labels_v2/sequences/subckt_0197/structural_subckt_0197_00/step_0022/faults_undetected.csv,/data4/pengqingsong/DFT/TPI-my.3/autoresearch/loop-260720-0945/model_training_round3/long_real_labels_v2/sequences/subckt_0197/structural_subckt_0197_00/step_0022/hard_fault_summary.json,37,37,"{""undetected"": 37}",autoresearch/loop-260720-0945/model_training_round3/long_real_labels_v2/sequences/subckt_0197/structural_subckt_0197_00/step_0022,ok,,,,,,0.9950106143951416,structural:subckt_0197:00,autoresearch/loop-260720-0945/model_training_round3/structural32_current/labels.csv
subckt_0197,structural:subckt_0197:00,23,2026,100000,808,23,596,__aig_not_36248,CP0,"[{""candidate_id"": 485, ""net"": ""__buf_split_22159"", ""score"": null, ""type"": ""CP1""}, {""candidate_id"": 447, ""net"": ""__aig_not_36076"", ""score"": null, ""type"": ""CP0""}, {""candidate_id"": 357, ""net"": ""__aig_and_35147"", ""score"": null, ""type"": ""CP1""}, {""candidate_id"": 426, ""net"": ""__aig_and_36065"", ""score"": null, ""type"": ""CP1""}, {""candidate_id"": 630, ""net"": ""__aig_and_37593"", ""score"": null, ""type"": ""CP1""}, {""candidate_id"": 367, ""net"": ""__aig_not_35153"", ""score"": null, ""type"": ""CP0""}, {""candidate_id"": 628, ""net"": ""new_n15549"", ""score"": null, ""type"": ""CP0""}, {""candidate_id"": 629, ""net"": ""__aig_not_37591"", ""score"": null, ""type"": ""CP1""}, {""candidate_id"": 373, ""net"": ""__aig_and_36037"", ""score"": null, ""type"": ""OP""}, {""candidate_id"": 366, ""net"": ""__aig_not_35152"", ""score"": null, ""type"": ""CP0""}, {""candidate_id"": 435, ""net"": ""new_n14939"", ""score"": null, ""type"": ""CP1""}, {""candidate_id"": 399, ""net"": ""__buf_split_22133"", ""score"": null, ""type"": ""CP1""}, {""candidate_id"": 353, ""net"": ""__aig_and_35145"", ""score"": null, ""type"": ""CP1""}, {""candidate_id"": 403, ""net"": ""__buf_split_22134"", ""score"": null, ""type"": ""CP1""}, {""candidate_id"": 416, ""net"": ""__aig_and_36060"", ""score"": null, ""type"": ""OP""}, {""candidate_id"": 369, ""net"": ""__aig_and_35155"", ""score"": null, ""type"": ""CP0""}, {""candidate_id"": 384, ""net"": ""new_n14928"", ""score"": null, ""type"": ""CP1""}, {""candidate_id"": 590, ""net"": ""__buf_split_22255"", ""score"": null, ""type"": ""CP1""}, {""candidate_id"": 387, ""net"": ""__aig_and_36045"", ""score"": null, ""type"": ""CP1""}, {""candidate_id"": 601, ""net"": ""__aig_not_36251"", ""score"": null, ""type"": ""CP0""}, {""candidate_id"": 368, ""net"": ""__aig_and_35154"", ""score"": null, ""type"": ""CP0""}, {""candidate_id"": 390, ""net"": ""__buf_split_22130"", ""score"": null, ""type"": ""CP1""}, {""candidate_id"": 596, ""net"": ""__aig_not_36248"", ""score"": null, ""type"": ""CP0""}]",949c26dece61922f427f2b60049d4b552ed07a1cebc257469c610b1875887b1f,ec9d791238dc841d5d2da7f95ab78acc3092080aa47e5af645517c66f73df9b4,866,828,0.95612,0.95612,100000,60,0.9753700000000001,0.9753700000000001,100000,62,-0.0192500000000001,-0.0192500000000001,0,-2,/data4/pengqingsong/DFT/TPI-my.3/autoresearch/loop-260720-0945/model_training_round3/long_real_labels_v2/sequences/subckt_0197/structural_subckt_0197_00/step_0023/faults.rpt,/data4/pengqingsong/DFT/TPI-my.3/autoresearch/loop-260720-0945/model_training_round3/long_real_labels_v2/sequences/subckt_0197/structural_subckt_0197_00/step_0023/faults_undetected.csv,/data4/pengqingsong/DFT/TPI-my.3/autoresearch/loop-260720-0945/model_training_round3/long_real_labels_v2/sequences/subckt_0197/structural_subckt_0197_00/step_0023/hard_fault_summary.json,38,38,"{""undetected"": 38}",autoresearch/loop-260720-0945/model_training_round3/long_real_labels_v2/sequences/subckt_0197/structural_subckt_0197_00/step_0023,ok,,,,,,0.77520751953125,structural:subckt_0197:00,autoresearch/loop-260720-0945/model_training_round3/structural32_current/labels.csv
subckt_0197,structural:subckt_0197:00,24,2026,100000,808,24,389,__aig_not_36046,CP0,"[{""candidate_id"": 485, ""net"": ""__buf_split_22159"", ""score"": null, ""type"": ""CP1""}, {""candidate_id"": 447, ""net"": ""__aig_not_36076"", ""score"": null, ""type"": ""CP0""}, {""candidate_id"": 357, ""net"": ""__aig_and_35147"", ""score"": null, ""type"": ""CP1""}, {""candidate_id"": 426, ""net"": ""__aig_and_36065"", ""score"": null, ""type"": ""CP1""}, {""candidate_id"": 630, ""net"": ""__aig_and_37593"", ""score"": null, ""type"": ""CP1""}, {""candidate_id"": 367, ""net"": ""__aig_not_35153"", ""score"": null, ""type"": ""CP0""}, {""candidate_id"": 628, ""net"": ""new_n15549"", ""score"": null, ""type"": ""CP0""}, {""candidate_id"": 629, ""net"": ""__aig_not_37591"", ""score"": null, ""type"": ""CP1""}, {""candidate_id"": 373, ""net"": ""__aig_and_36037"", ""score"": null, ""type"": ""OP""}, {""candidate_id"": 366, ""net"": ""__aig_not_35152"", ""score"": null, ""type"": ""CP0""}, {""candidate_id"": 435, ""net"": ""new_n14939"", ""score"": null, ""type"": ""CP1""}, {""candidate_id"": 399, ""net"": ""__buf_split_22133"", ""score"": null, ""type"": ""CP1""}, {""candidate_id"": 353, ""net"": ""__aig_and_35145"", ""score"": null, ""type"": ""CP1""}, {""candidate_id"": 403, ""net"": ""__buf_split_22134"", ""score"": null, ""type"": ""CP1""}, {""candidate_id"": 416, ""net"": ""__aig_and_36060"", ""score"": null, ""type"": ""OP""}, {""candidate_id"": 369, ""net"": ""__aig_and_35155"", ""score"": null, ""type"": ""CP0""}, {""candidate_id"": 384, ""net"": ""new_n14928"", ""score"": null, ""type"": ""CP1""}, {""candidate_id"": 590, ""net"": ""__buf_split_22255"", ""score"": null, ""type"": ""CP1""}, {""candidate_id"": 387, ""net"": ""__aig_and_36045"", ""score"": null, ""type"": ""CP1""}, {""candidate_id"": 601, ""net"": ""__aig_not_36251"", ""score"": null, ""type"": ""CP0""}, {""candidate_id"": 368, ""net"": ""__aig_and_35154"", ""score"": null, ""type"": ""CP0""}, {""candidate_id"": 390, ""net"": ""__buf_split_22130"", ""score"": null, ""type"": ""CP1""}, {""candidate_id"": 596, ""net"": ""__aig_not_36248"", ""score"": null, ""type"": ""CP0""}, {""candidate_id"": 389, ""net"": ""__aig_not_36046"", ""score"": null, ""type"": ""CP0""}]",949c26dece61922f427f2b60049d4b552ed07a1cebc257469c610b1875887b1f,1f3f261c5c4617b8541cabc99679e241c4857dae241cc411b0a9899eba2620f9,868,828,0.95392,0.95392,100000,60,0.9753700000000001,0.9753700000000001,100000,62,-0.02145000000000008,-0.02145000000000008,0,-2,/data4/pengqingsong/DFT/TPI-my.3/autoresearch/loop-260720-0945/model_training_round3/long_real_labels_v2/sequences/subckt_0197/structural_subckt_0197_00/step_0024/faults.rpt,/data4/pengqingsong/DFT/TPI-my.3/autoresearch/loop-260720-0945/model_training_round3/long_real_labels_v2/sequences/subckt_0197/structural_subckt_0197_00/step_0024/faults_undetected.csv,/data4/pengqingsong/DFT/TPI-my.3/autoresearch/loop-260720-0945/model_training_round3/long_real_labels_v2/sequences/subckt_0197/structural_subckt_0197_00/step_0024/hard_fault_summary.json,40,40,"{""undetected"": 40}",autoresearch/loop-260720-0945/model_training_round3/long_real_labels_v2/sequences/subckt_0197/structural_subckt_0197_00/step_0024,ok,,,,,,0.8905375003814697,structural:subckt_0197:00,autoresearch/loop-260720-0945/model_training_round3/structural32_current/labels.csv
subckt_0197,structural:subckt_0197:00,25,2026,100000,808,25,402,new_n14932,CP1,"[{""candidate_id"": 485, ""net"": ""__buf_split_22159"", ""score"": null, ""type"": ""CP1""}, {""candidate_id"": 447, ""net"": ""__aig_not_36076"", ""score"": null, ""type"": ""CP0""}, {""candidate_id"": 357, ""net"": ""__aig_and_35147"", ""score"": null, ""type"": ""CP1""}, {""candidate_id"": 426, ""net"": ""__aig_and_36065"", ""score"": null, ""type"": ""CP1""}, {""candidate_id"": 630, ""net"": ""__aig_and_37593"", ""score"": null, ""type"": ""CP1""}, {""candidate_id"": 367, ""net"": ""__aig_not_35153"", ""score"": null, ""type"": ""CP0""}, {""candidate_id"": 628, ""net"": ""new_n15549"", ""score"": null, ""type"": ""CP0""}, {""candidate_id"": 629, ""net"": ""__aig_not_37591"", ""score"": null, ""type"": ""CP1""}, {""candidate_id"": 373, ""net"": ""__aig_and_36037"", ""score"": null, ""type"": ""OP""}, {""candidate_id"": 366, ""net"": ""__aig_not_35152"", ""score"": null, ""type"": ""CP0""}, {""candidate_id"": 435, ""net"": ""new_n14939"", ""score"": null, ""type"": ""CP1""}, {""candidate_id"": 399, ""net"": ""__buf_split_22133"", ""score"": null, ""type"": ""CP1""}, {""candidate_id"": 353, ""net"": ""__aig_and_35145"", ""score"": null, ""type"": ""CP1""}, {""candidate_id"": 403, ""net"": ""__buf_split_22134"", ""score"": null, ""type"": ""CP1""}, {""candidate_id"": 416, ""net"": ""__aig_and_36060"", ""score"": null, ""type"": ""OP""}, {""candidate_id"": 369, ""net"": ""__aig_and_35155"", ""score"": null, ""type"": ""CP0""}, {""candidate_id"": 384, ""net"": ""new_n14928"", ""score"": null, ""type"": ""CP1""}, {""candidate_id"": 590, ""net"": ""__buf_split_22255"", ""score"": null, ""type"": ""CP1""}, {""candidate_id"": 387, ""net"": ""__aig_and_36045"", ""score"": null, ""type"": ""CP1""}, {""candidate_id"": 601, ""net"": ""__aig_not_36251"", ""score"": null, ""type"": ""CP0""}, {""candidate_id"": 368, ""net"": ""__aig_and_35154"", ""score"": null, ""type"": ""CP0""}, {""candidate_id"": 390, ""net"": ""__buf_split_22130"", ""score"": null, ""type"": ""CP1""}, {""candidate_id"": 596, ""net"": ""__aig_not_36248"", ""score"": null, ""type"": ""CP0""}, {""candidate_id"": 389, ""net"": ""__aig_not_36046"", ""score"": null, ""type"": ""CP0""}, {""candidate_id"": 402, ""net"": ""new_n14932"", ""score"": null, ""type"": ""CP1""}]",949c26dece61922f427f2b60049d4b552ed07a1cebc257469c610b1875887b1f,ff393581eb56cee74250417a0de502226936c6a515061d62e65cc1d9a312ce51,870,829,0.9528700000000001,0.9528700000000001,100000,61,0.9753700000000001,0.9753700000000001,100000,62,-0.022499999999999964,-0.022499999999999964,0,-1,/data4/pengqingsong/DFT/TPI-my.3/autoresearch/loop-260720-0945/model_training_round3/long_real_labels_v2/sequences/subckt_0197/structural_subckt_0197_00/step_0025/faults.rpt,/data4/pengqingsong/DFT/TPI-my.3/autoresearch/loop-260720-0945/model_training_round3/long_real_labels_v2/sequences/subckt_0197/structural_subckt_0197_00/step_0025/faults_undetected.csv,/data4/pengqingsong/DFT/TPI-my.3/autoresearch/loop-260720-0945/model_training_round3/long_real_labels_v2/sequences/subckt_0197/structural_subckt_0197_00/step_0025/hard_fault_summary.json,41,41,"{""undetected"": 41}",autoresearch/loop-260720-0945/model_training_round3/long_real_labels_v2/sequences/subckt_0197/structural_subckt_0197_00/step_0025,ok,,,,,,0.8967218399047852,structural:subckt_0197:00,autoresearch/loop-260720-0945/model_training_round3/structural32_current/labels.csv
subckt_0197,structural:subckt_0197:00,26,2026,100000,808,26,404,__aig_not_36053,CP0,"[{""candidate_id"": 485, ""net"": ""__buf_split_22159"", ""score"": null, ""type"": ""CP1""}, {""candidate_id"": 447, ""net"": ""__aig_not_36076"", ""score"": null, ""type"": ""CP0""}, {""candidate_id"": 357, ""net"": ""__aig_and_35147"", ""score"": null, ""type"": ""CP1""}, {""candidate_id"": 426, ""net"": ""__aig_and_36065"", ""score"": null, ""type"": ""CP1""}, {""candidate_id"": 630, ""net"": ""__aig_and_37593"", ""score"": null, ""type"": ""CP1""}, {""candidate_id"": 367, ""net"": ""__aig_not_35153"", ""score"": null, ""type"": ""CP0""}, {""candidate_id"": 628, ""net"": ""new_n15549"", ""score"": null, ""type"": ""CP0""}, {""candidate_id"": 629, ""net"": ""__aig_not_37591"", ""score"": null, ""type"": ""CP1""}, {""candidate_id"": 373, ""net"": ""__aig_and_36037"", ""score"": null, ""type"": ""OP""}, {""candidate_id"": 366, ""net"": ""__aig_not_35152"", ""score"": null, ""type"": ""CP0""}, {""candidate_id"": 435, ""net"": ""new_n14939"", ""score"": null, ""type"": ""CP1""}, {""candidate_id"": 399, ""net"": ""__buf_split_22133"", ""score"": null, ""type"": ""CP1""}, {""candidate_id"": 353, ""net"": ""__aig_and_35145"", ""score"": null, ""type"": ""CP1""}, {""candidate_id"": 403, ""net"": ""__buf_split_22134"", ""score"": null, ""type"": ""CP1""}, {""candidate_id"": 416, ""net"": ""__aig_and_36060"", ""score"": null, ""type"": ""OP""}, {""candidate_id"": 369, ""net"": ""__aig_and_35155"", ""score"": null, ""type"": ""CP0""}, {""candidate_id"": 384, ""net"": ""new_n14928"", ""score"": null, ""type"": ""CP1""}, {""candidate_id"": 590, ""net"": ""__buf_split_22255"", ""score"": null, ""type"": ""CP1""}, {""candidate_id"": 387, ""net"": ""__aig_and_36045"", ""score"": null, ""type"": ""CP1""}, {""candidate_id"": 601, ""net"": ""__aig_not_36251"", ""score"": null, ""type"": ""CP0""}, {""candidate_id"": 368, ""net"": ""__aig_and_35154"", ""score"": null, ""type"": ""CP0""}, {""candidate_id"": 390, ""net"": ""__buf_split_22130"", ""score"": null, ""type"": ""CP1""}, {""candidate_id"": 596, ""net"": ""__aig_not_36248"", ""score"": null, ""type"": ""CP0""}, {""candidate_id"": 389, ""net"": ""__aig_not_36046"", ""score"": null, ""type"": ""CP0""}, {""candidate_id"": 402, ""net"": ""new_n14932"", ""score"": null, ""type"": ""CP1""}, {""candidate_id"": 404, ""net"": ""__aig_not_36053"", ""score"": null, ""type"": ""CP0""}]",949c26dece61922f427f2b60049d4b552ed07a1cebc257469c610b1875887b1f,e7126b5ec4a05416303370c905bbe08c49da796a47f3c58dae079ec53dcd46f6,872,830,0.9518300000000001,0.9518300000000001,100000,61,0.9753700000000001,0.9753700000000001,100000,62,-0.023540000000000005,-0.023540000000000005,0,-1,/data4/pengqingsong/DFT/TPI-my.3/autoresearch/loop-260720-0945/model_training_round3/long_real_labels_v2/sequences/subckt_0197/structural_subckt_0197_00/step_0026/faults.rpt,/data4/pengqingsong/DFT/TPI-my.3/autoresearch/loop-260720-0945/model_training_round3/long_real_labels_v2/sequences/subckt_0197/structural_subckt_0197_00/step_0026/faults_undetected.csv,/data4/pengqingsong/DFT/TPI-my.3/autoresearch/loop-260720-0945/model_training_round3/long_real_labels_v2/sequences/subckt_0197/structural_subckt_0197_00/step_0026/hard_fault_summary.json,42,42,"{""undetected"": 42}",autoresearch/loop-260720-0945/model_training_round3/long_real_labels_v2/sequences/subckt_0197/structural_subckt_0197_00/step_0026,ok,,,,,,0.9766497611999512,structural:subckt_0197:00,autoresearch/loop-260720-0945/model_training_round3/structural32_current/labels.csv
subckt_0197,structural:subckt_0197:00,27,2026,100000,808,27,627,__aig_and_37587,CP0,"[{""candidate_id"": 485, ""net"": ""__buf_split_22159"", ""score"": null, ""type"": ""CP1""}, {""candidate_id"": 447, ""net"": ""__aig_not_36076"", ""score"": null, ""type"": ""CP0""}, {""candidate_id"": 357, ""net"": ""__aig_and_35147"", ""score"": null, ""type"": ""CP1""}, {""candidate_id"": 426, ""net"": ""__aig_and_36065"", ""score"": null, ""type"": ""CP1""}, {""candidate_id"": 630, ""net"": ""__aig_and_37593"", ""score"": null, ""type"": ""CP1""}, {""candidate_id"": 367, ""net"": ""__aig_not_35153"", ""score"": null, ""type"": ""CP0""}, {""candidate_id"": 628, ""net"": ""new_n15549"", ""score"": null, ""type"": ""CP0""}, {""candidate_id"": 629, ""net"": ""__aig_not_37591"", ""score"": null, ""type"": ""CP1""}, {""candidate_id"": 373, ""net"": ""__aig_and_36037"", ""score"": null, ""type"": ""OP""}, {""candidate_id"": 366, ""net"": ""__aig_not_35152"", ""score"": null, ""type"": ""CP0""}, {""candidate_id"": 435, ""net"": ""new_n14939"", ""score"": null, ""type"": ""CP1""}, {""candidate_id"": 399, ""net"": ""__buf_split_22133"", ""score"": null, ""type"": ""CP1""}, {""candidate_id"": 353, ""net"": ""__aig_and_35145"", ""score"": null, ""type"": ""CP1""}, {""candidate_id"": 403, ""net"": ""__buf_split_22134"", ""score"": null, ""type"": ""CP1""}, {""candidate_id"": 416, ""net"": ""__aig_and_36060"", ""score"": null, ""type"": ""OP""}, {""candidate_id"": 369, ""net"": ""__aig_and_35155"", ""score"": null, ""type"": ""CP0""}, {""candidate_id"": 384, ""net"": ""new_n14928"", ""score"": null, ""type"": ""CP1""}, {""candidate_id"": 590, ""net"": ""__buf_split_22255"", ""score"": null, ""type"": ""CP1""}, {""candidate_id"": 387, ""net"": ""__aig_and_36045"", ""score"": null, ""type"": ""CP1""}, {""candidate_id"": 601, ""net"": ""__aig_not_36251"", ""score"": null, ""type"": ""CP0""}, {""candidate_id"": 368, ""net"": ""__aig_and_35154"", ""score"": null, ""type"": ""CP0""}, {""candidate_id"": 390, ""net"": ""__buf_split_22130"", ""score"": null, ""type"": ""CP1""}, {""candidate_id"": 596, ""net"": ""__aig_not_36248"", ""score"": null, ""type"": ""CP0""}, {""candidate_id"": 389, ""net"": ""__aig_not_36046"", ""score"": null, ""type"": ""CP0""}, {""candidate_id"": 402, ""net"": ""new_n14932"", ""score"": null, ""type"": ""CP1""}, {""candidate_id"": 404, ""net"": ""__aig_not_36053"", ""score"": null, ""type"": ""CP0""}, {""candidate_id"": 627, ""net"": ""__aig_and_37587"", ""score"": null, ""type"": ""CP0""}]",949c26dece61922f427f2b60049d4b552ed07a1cebc257469c610b1875887b1f,764d6a45bea24fa809f2285a55bbdaf883e16637d01b9eedb2a6ac6786edb980,874,831,0.9508,0.9508,100000,61,0.9753700000000001,0.9753700000000001,100000,62,-0.024570000000000092,-0.024570000000000092,0,-1,/data4/pengqingsong/DFT/TPI-my.3/autoresearch/loop-260720-0945/model_training_round3/long_real_labels_v2/sequences/subckt_0197/structural_subckt_0197_00/step_0027/faults.rpt,/data4/pengqingsong/DFT/TPI-my.3/autoresearch/loop-260720-0945/model_training_round3/long_real_labels_v2/sequences/subckt_0197/structural_subckt_0197_00/step_0027/faults_undetected.csv,/data4/pengqingsong/DFT/TPI-my.3/autoresearch/loop-260720-0945/model_training_round3/long_real_labels_v2/sequences/subckt_0197/structural_subckt_0197_00/step_0027/hard_fault_summary.json,43,43,"{""undetected"": 43}",autoresearch/loop-260720-0945/model_training_round3/long_real_labels_v2/sequences/subckt_0197/structural_subckt_0197_00/step_0027,ok,,,,,,0.640955924987793,structural:subckt_0197:00,autoresearch/loop-260720-0945/model_training_round3/structural32_current/labels.csv
subckt_0197,structural:subckt_0197:00,28,2026,100000,808,28,624,new_n15548,CP0,"[{""candidate_id"": 485, ""net"": ""__buf_split_22159"", ""score"": null, ""type"": ""CP1""}, {""candidate_id"": 447, ""net"": ""__aig_not_36076"", ""score"": null, ""type"": ""CP0""}, {""candidate_id"": 357, ""net"": ""__aig_and_35147"", ""score"": null, ""type"": ""CP1""}, {""candidate_id"": 426, ""net"": ""__aig_and_36065"", ""score"": null, ""type"": ""CP1""}, {""candidate_id"": 630, ""net"": ""__aig_and_37593"", ""score"": null, ""type"": ""CP1""}, {""candidate_id"": 367, ""net"": ""__aig_not_35153"", ""score"": null, ""type"": ""CP0""}, {""candidate_id"": 628, ""net"": ""new_n15549"", ""score"": null, ""type"": ""CP0""}, {""candidate_id"": 629, ""net"": ""__aig_not_37591"", ""score"": null, ""type"": ""CP1""}, {""candidate_id"": 373, ""net"": ""__aig_and_36037"", ""score"": null, ""type"": ""OP""}, {""candidate_id"": 366, ""net"": ""__aig_not_35152"", ""score"": null, ""type"": ""CP0""}, {""candidate_id"": 435, ""net"": ""new_n14939"", ""score"": null, ""type"": ""CP1""}, {""candidate_id"": 399, ""net"": ""__buf_split_22133"", ""score"": null, ""type"": ""CP1""}, {""candidate_id"": 353, ""net"": ""__aig_and_35145"", ""score"": null, ""type"": ""CP1""}, {""candidate_id"": 403, ""net"": ""__buf_split_22134"", ""score"": null, ""type"": ""CP1""}, {""candidate_id"": 416, ""net"": ""__aig_and_36060"", ""score"": null, ""type"": ""OP""}, {""candidate_id"": 369, ""net"": ""__aig_and_35155"", ""score"": null, ""type"": ""CP0""}, {""candidate_id"": 384, ""net"": ""new_n14928"", ""score"": null, ""type"": ""CP1""}, {""candidate_id"": 590, ""net"": ""__buf_split_22255"", ""score"": null, ""type"": ""CP1""}, {""candidate_id"": 387, ""net"": ""__aig_and_36045"", ""score"": null, ""type"": ""CP1""}, {""candidate_id"": 601, ""net"": ""__aig_not_36251"", ""score"": null, ""type"": ""CP0""}, {""candidate_id"": 368, ""net"": ""__aig_and_35154"", ""score"": null, ""type"": ""CP0""}, {""candidate_id"": 390, ""net"": ""__buf_split_22130"", ""score"": null, ""type"": ""CP1""}, {""candidate_id"": 596, ""net"": ""__aig_not_36248"", ""score"": null, ""type"": ""CP0""}, {""candidate_id"": 389, ""net"": ""__aig_not_36046"", ""score"": null, ""type"": ""CP0""}, {""candidate_id"": 402, ""net"": ""new_n14932"", ""score"": null, ""type"": ""CP1""}, {""candidate_id"": 404, ""net"": ""__aig_not_36053"", ""score"": null, ""type"": ""CP0""}, {""candidate_id"": 627, ""net"": ""__aig_and_37587"", ""score"": null, ""type"": ""CP0""}, {""candidate_id"": 624, ""net"": ""new_n15548"", ""score"": null, ""type"": ""CP0""}]",949c26dece61922f427f2b60049d4b552ed07a1cebc257469c610b1875887b1f,edfef15588db50dc28da6af796d3d8e422da3c3c9a79e32cfab73c2e0345421d,876,832,0.94977,0.94977,100000,61,0.9753700000000001,0.9753700000000001,100000,62,-0.025600000000000067,-0.025600000000000067,0,-1,/data4/pengqingsong/DFT/TPI-my.3/autoresearch/loop-260720-0945/model_training_round3/long_real_labels_v2/sequences/subckt_0197/structural_subckt_0197_00/step_0028/faults.rpt,/data4/pengqingsong/DFT/TPI-my.3/autoresearch/loop-260720-0945/model_training_round3/long_real_labels_v2/sequences/subckt_0197/structural_subckt_0197_00/step_0028/faults_undetected.csv,/data4/pengqingsong/DFT/TPI-my.3/autoresearch/loop-260720-0945/model_training_round3/long_real_labels_v2/sequences/subckt_0197/structural_subckt_0197_00/step_0028/hard_fault_summary.json,44,44,"{""undetected"": 44}",autoresearch/loop-260720-0945/model_training_round3/long_real_labels_v2/sequences/subckt_0197/structural_subckt_0197_00/step_0028,ok,,,,,,0.626594066619873,structural:subckt_0197:00,autoresearch/loop-260720-0945/model_training_round3/structural32_current/labels.csv
subckt_0197,structural:subckt_0197:00,29,2026,100000,808,29,410,__buf_split_22137,CP1,"[{""candidate_id"": 485, ""net"": ""__buf_split_22159"", ""score"": null, ""type"": ""CP1""}, {""candidate_id"": 447, ""net"": ""__aig_not_36076"", ""score"": null, ""type"": ""CP0""}, {""candidate_id"": 357, ""net"": ""__aig_and_35147"", ""score"": null, ""type"": ""CP1""}, {""candidate_id"": 426, ""net"": ""__aig_and_36065"", ""score"": null, ""type"": ""CP1""}, {""candidate_id"": 630, ""net"": ""__aig_and_37593"", ""score"": null, ""type"": ""CP1""}, {""candidate_id"": 367, ""net"": ""__aig_not_35153"", ""score"": null, ""type"": ""CP0""}, {""candidate_id"": 628, ""net"": ""new_n15549"", ""score"": null, ""type"": ""CP0""}, {""candidate_id"": 629, ""net"": ""__aig_not_37591"", ""score"": null, ""type"": ""CP1""}, {""candidate_id"": 373, ""net"": ""__aig_and_36037"", ""score"": null, ""type"": ""OP""}, {""candidate_id"": 366, ""net"": ""__aig_not_35152"", ""score"": null, ""type"": ""CP0""}, {""candidate_id"": 435, ""net"": ""new_n14939"", ""score"": null, ""type"": ""CP1""}, {""candidate_id"": 399, ""net"": ""__buf_split_22133"", ""score"": null, ""type"": ""CP1""}, {""candidate_id"": 353, ""net"": ""__aig_and_35145"", ""score"": null, ""type"": ""CP1""}, {""candidate_id"": 403, ""net"": ""__buf_split_22134"", ""score"": null, ""type"": ""CP1""}, {""candidate_id"": 416, ""net"": ""__aig_and_36060"", ""score"": null, ""type"": ""OP""}, {""candidate_id"": 369, ""net"": ""__aig_and_35155"", ""score"": null, ""type"": ""CP0""}, {""candidate_id"": 384, ""net"": ""new_n14928"", ""score"": null, ""type"": ""CP1""}, {""candidate_id"": 590, ""net"": ""__buf_split_22255"", ""score"": null, ""type"": ""CP1""}, {""candidate_id"": 387, ""net"": ""__aig_and_36045"", ""score"": null, ""type"": ""CP1""}, {""candidate_id"": 601, ""net"": ""__aig_not_36251"", ""score"": null, ""type"": ""CP0""}, {""candidate_id"": 368, ""net"": ""__aig_and_35154"", ""score"": null, ""type"": ""CP0""}, {""candidate_id"": 390, ""net"": ""__buf_split_22130"", ""score"": null, ""type"": ""CP1""}, {""candidate_id"": 596, ""net"": ""__aig_not_36248"", ""score"": null, ""type"": ""CP0""}, {""candidate_id"": 389, ""net"": ""__aig_not_36046"", ""score"": null, ""type"": ""CP0""}, {""candidate_id"": 402, ""net"": ""new_n14932"", ""score"": null, ""type"": ""CP1""}, {""candidate_id"": 404, ""net"": ""__aig_not_36053"", ""score"": null, ""type"": ""CP0""}, {""candidate_id"": 627, ""net"": ""__aig_and_37587"", ""score"": null, ""type"": ""CP0""}, {""candidate_id"": 624, ""net"": ""new_n15548"", ""score"": null, ""type"": ""CP0""}, {""candidate_id"": 410, ""net"": ""__buf_split_22137"", ""score"": null, ""type"": ""CP1""}]",949c26dece61922f427f2b60049d4b552ed07a1cebc257469c610b1875887b1f,c6672c92724ce06a08f0b9dfe349c751bbc22954000e5a07f42a0c8d2c2ad05c,878,834,0.94989,0.94989,100000,61,0.9753700000000001,0.9753700000000001,100000,62,-0.025480000000000058,-0.025480000000000058,0,-1,/data4/pengqingsong/DFT/TPI-my.3/autoresearch/loop-260720-0945/model_training_round3/long_real_labels_v2/sequences/subckt_0197/structural_subckt_0197_00/step_0029/faults.rpt,/data4/pengqingsong/DFT/TPI-my.3/autoresearch/loop-260720-0945/model_training_round3/long_real_labels_v2/sequences/subckt_0197/structural_subckt_0197_00/step_0029/faults_undetected.csv,/data4/pengqingsong/DFT/TPI-my.3/autoresearch/loop-260720-0945/model_training_round3/long_real_labels_v2/sequences/subckt_0197/structural_subckt_0197_00/step_0029/hard_fault_summary.json,44,44,"{""undetected"": 44}",autoresearch/loop-260720-0945/model_training_round3/long_real_labels_v2/sequences/subckt_0197/structural_subckt_0197_00/step_0029,ok,,,,,,0.5598576068878174,structural:subckt_0197:00,autoresearch/loop-260720-0945/model_training_round3/structural32_current/labels.csv
subckt_0197,structural:subckt_0197:00,30,2026,100000,808,30,439,__aig_not_36072,CP0,"[{""candidate_id"": 485, ""net"": ""__buf_split_22159"", ""score"": null, ""type"": ""CP1""}, {""candidate_id"": 447, ""net"": ""__aig_not_36076"", ""score"": null, ""type"": ""CP0""}, {""candidate_id"": 357, ""net"": ""__aig_and_35147"", ""score"": null, ""type"": ""CP1""}, {""candidate_id"": 426, ""net"": ""__aig_and_36065"", ""score"": null, ""type"": ""CP1""}, {""candidate_id"": 630, ""net"": ""__aig_and_37593"", ""score"": null, ""type"": ""CP1""}, {""candidate_id"": 367, ""net"": ""__aig_not_35153"", ""score"": null, ""type"": ""CP0""}, {""candidate_id"": 628, ""net"": ""new_n15549"", ""score"": null, ""type"": ""CP0""}, {""candidate_id"": 629, ""net"": ""__aig_not_37591"", ""score"": null, ""type"": ""CP1""}, {""candidate_id"": 373, ""net"": ""__aig_and_36037"", ""score"": null, ""type"": ""OP""}, {""candidate_id"": 366, ""net"": ""__aig_not_35152"", ""score"": null, ""type"": ""CP0""}, {""candidate_id"": 435, ""net"": ""new_n14939"", ""score"": null, ""type"": ""CP1""}, {""candidate_id"": 399, ""net"": ""__buf_split_22133"", ""score"": null, ""type"": ""CP1""}, {""candidate_id"": 353, ""net"": ""__aig_and_35145"", ""score"": null, ""type"": ""CP1""}, {""candidate_id"": 403, ""net"": ""__buf_split_22134"", ""score"": null, ""type"": ""CP1""}, {""candidate_id"": 416, ""net"": ""__aig_and_36060"", ""score"": null, ""type"": ""OP""}, {""candidate_id"": 369, ""net"": ""__aig_and_35155"", ""score"": null, ""type"": ""CP0""}, {""candidate_id"": 384, ""net"": ""new_n14928"", ""score"": null, ""type"": ""CP1""}, {""candidate_id"": 590, ""net"": ""__buf_split_22255"", ""score"": null, ""type"": ""CP1""}, {""candidate_id"": 387, ""net"": ""__aig_and_36045"", ""score"": null, ""type"": ""CP1""}, {""candidate_id"": 601, ""net"": ""__aig_not_36251"", ""score"": null, ""type"": ""CP0""}, {""candidate_id"": 368, ""net"": ""__aig_and_35154"", ""score"": null, ""type"": ""CP0""}, {""candidate_id"": 390, ""net"": ""__buf_split_22130"", ""score"": null, ""type"": ""CP1""}, {""candidate_id"": 596, ""net"": ""__aig_not_36248"", ""score"": null, ""type"": ""CP0""}, {""candidate_id"": 389, ""net"": ""__aig_not_36046"", ""score"": null, ""type"": ""CP0""}, {""candidate_id"": 402, ""net"": ""new_n14932"", ""score"": null, ""type"": ""CP1""}, {""candidate_id"": 404, ""net"": ""__aig_not_36053"", ""score"": null, ""type"": ""CP0""}, {""candidate_id"": 627, ""net"": ""__aig_and_37587"", ""score"": null, ""type"": ""CP0""}, {""candidate_id"": 624, ""net"": ""new_n15548"", ""score"": null, ""type"": ""CP0""}, {""candidate_id"": 410, ""net"": ""__buf_split_22137"", ""score"": null, ""type"": ""CP1""}, {""candidate_id"": 439, ""net"": ""__aig_not_36072"", ""score"": null, ""type"": ""CP0""}]",949c26dece61922f427f2b60049d4b552ed07a1cebc257469c610b1875887b1f,528ab962d464a387b46c86db15f0258ea24565fb29bff6d70f7ebda1108ab980,880,834,0.94773,0.94773,100000,61,0.9753700000000001,0.9753700000000001,100000,62,-0.02764000000000011,-0.02764000000000011,0,-1,/data4/pengqingsong/DFT/TPI-my.3/autoresearch/loop-260720-0945/model_training_round3/long_real_labels_v2/sequences/subckt_0197/structural_subckt_0197_00/step_0030/faults.rpt,/data4/pengqingsong/DFT/TPI-my.3/autoresearch/loop-260720-0945/model_training_round3/long_real_labels_v2/sequences/subckt_0197/structural_subckt_0197_00/step_0030/faults_undetected.csv,/data4/pengqingsong/DFT/TPI-my.3/autoresearch/loop-260720-0945/model_training_round3/long_real_labels_v2/sequences/subckt_0197/structural_subckt_0197_00/step_0030/hard_fault_summary.json,46,46,"{""undetected"": 46}",autoresearch/loop-260720-0945/model_training_round3/long_real_labels_v2/sequences/subckt_0197/structural_subckt_0197_00/step_0030,ok,,,,,,0.6043612957000732,structural:subckt_0197:00,autoresearch/loop-260720-0945/model_training_round3/structural32_current/labels.csv
subckt_0197,structural:subckt_0197:00,31,2026,100000,808,31,574,__aig_not_36236,CP0,"[{""candidate_id"": 485, ""net"": ""__buf_split_22159"", ""score"": null, ""type"": ""CP1""}, {""candidate_id"": 447, ""net"": ""__aig_not_36076"", ""score"": null, ""type"": ""CP0""}, {""candidate_id"": 357, ""net"": ""__aig_and_35147"", ""score"": null, ""type"": ""CP1""}, {""candidate_id"": 426, ""net"": ""__aig_and_36065"", ""score"": null, ""type"": ""CP1""}, {""candidate_id"": 630, ""net"": ""__aig_and_37593"", ""score"": null, ""type"": ""CP1""}, {""candidate_id"": 367, ""net"": ""__aig_not_35153"", ""score"": null, ""type"": ""CP0""}, {""candidate_id"": 628, ""net"": ""new_n15549"", ""score"": null, ""type"": ""CP0""}, {""candidate_id"": 629, ""net"": ""__aig_not_37591"", ""score"": null, ""type"": ""CP1""}, {""candidate_id"": 373, ""net"": ""__aig_and_36037"", ""score"": null, ""type"": ""OP""}, {""candidate_id"": 366, ""net"": ""__aig_not_35152"", ""score"": null, ""type"": ""CP0""}, {""candidate_id"": 435, ""net"": ""new_n14939"", ""score"": null, ""type"": ""CP1""}, {""candidate_id"": 399, ""net"": ""__buf_split_22133"", ""score"": null, ""type"": ""CP1""}, {""candidate_id"": 353, ""net"": ""__aig_and_35145"", ""score"": null, ""type"": ""CP1""}, {""candidate_id"": 403, ""net"": ""__buf_split_22134"", ""score"": null, ""type"": ""CP1""}, {""candidate_id"": 416, ""net"": ""__aig_and_36060"", ""score"": null, ""type"": ""OP""}, {""candidate_id"": 369, ""net"": ""__aig_and_35155"", ""score"": null, ""type"": ""CP0""}, {""candidate_id"": 384, ""net"": ""new_n14928"", ""score"": null, ""type"": ""CP1""}, {""candidate_id"": 590, ""net"": ""__buf_split_22255"", ""score"": null, ""type"": ""CP1""}, {""candidate_id"": 387, ""net"": ""__aig_and_36045"", ""score"": null, ""type"": ""CP1""}, {""candidate_id"": 601, ""net"": ""__aig_not_36251"", ""score"": null, ""type"": ""CP0""}, {""candidate_id"": 368, ""net"": ""__aig_and_35154"", ""score"": null, ""type"": ""CP0""}, {""candidate_id"": 390, ""net"": ""__buf_split_22130"", ""score"": null, ""type"": ""CP1""}, {""candidate_id"": 596, ""net"": ""__aig_not_36248"", ""score"": null, ""type"": ""CP0""}, {""candidate_id"": 389, ""net"": ""__aig_not_36046"", ""score"": null, ""type"": ""CP0""}, {""candidate_id"": 402, ""net"": ""new_n14932"", ""score"": null, ""type"": ""CP1""}, {""candidate_id"": 404, ""net"": ""__aig_not_36053"", ""score"": null, ""type"": ""CP0""}, {""candidate_id"": 627, ""net"": ""__aig_and_37587"", ""score"": null, ""type"": ""CP0""}, {""candidate_id"": 624, ""net"": ""new_n15548"", ""score"": null, ""type"": ""CP0""}, {""candidate_id"": 410, ""net"": ""__buf_split_22137"", ""score"": null, ""type"": ""CP1""}, {""candidate_id"": 439, ""net"": ""__aig_not_36072"", ""score"": null, ""type"": ""CP0""}, {""candidate_id"": 574, ""net"": ""__aig_not_36236"", ""score"": null, ""type"": ""CP0""}]",949c26dece61922f427f2b60049d4b552ed07a1cebc257469c610b1875887b1f,70a80c8d96f5169112393c2524352cff7edf80e92175ba13a929269a4f7dd4f0,882,836,0.94785,0.94785,100000,61,0.9753700000000001,0.9753700000000001,100000,62,-0.0275200000000001,-0.0275200000000001,0,-1,/data4/pengqingsong/DFT/TPI-my.3/autoresearch/loop-260720-0945/model_training_round3/long_real_labels_v2/sequences/subckt_0197/structural_subckt_0197_00/step_0031/faults.rpt,/data4/pengqingsong/DFT/TPI-my.3/autoresearch/loop-260720-0945/model_training_round3/long_real_labels_v2/sequences/subckt_0197/structural_subckt_0197_00/step_0031/faults_undetected.csv,/data4/pengqingsong/DFT/TPI-my.3/autoresearch/loop-260720-0945/model_training_round3/long_real_labels_v2/sequences/subckt_0197/structural_subckt_0197_00/step_0031/hard_fault_summary.json,46,46,"{""undetected"": 46}",autoresearch/loop-260720-0945/model_training_round3/long_real_labels_v2/sequences/subckt_0197/structural_subckt_0197_00/step_0031,ok,,,,,,0.47661900520324707,structural:subckt_0197:00,autoresearch/loop-260720-0945/model_training_round3/structural32_current/labels.csv
subckt_0197,structural:subckt_0197:00,32,2026,100000,808,32,362,__buf_split_21627,CP1,"[{""candidate_id"": 485, ""net"": ""__buf_split_22159"", ""score"": null, ""type"": ""CP1""}, {""candidate_id"": 447, ""net"": ""__aig_not_36076"", ""score"": null, ""type"": ""CP0""}, {""candidate_id"": 357, ""net"": ""__aig_and_35147"", ""score"": null, ""type"": ""CP1""}, {""candidate_id"": 426, ""net"": ""__aig_and_36065"", ""score"": null, ""type"": ""CP1""}, {""candidate_id"": 630, ""net"": ""__aig_and_37593"", ""score"": null, ""type"": ""CP1""}, {""candidate_id"": 367, ""net"": ""__aig_not_35153"", ""score"": null, ""type"": ""CP0""}, {""candidate_id"": 628, ""net"": ""new_n15549"", ""score"": null, ""type"": ""CP0""}, {""candidate_id"": 629, ""net"": ""__aig_not_37591"", ""score"": null, ""type"": ""CP1""}, {""candidate_id"": 373, ""net"": ""__aig_and_36037"", ""score"": null, ""type"": ""OP""}, {""candidate_id"": 366, ""net"": ""__aig_not_35152"", ""score"": null, ""type"": ""CP0""}, {""candidate_id"": 435, ""net"": ""new_n14939"", ""score"": null, ""type"": ""CP1""}, {""candidate_id"": 399, ""net"": ""__buf_split_22133"", ""score"": null, ""type"": ""CP1""}, {""candidate_id"": 353, ""net"": ""__aig_and_35145"", ""score"": null, ""type"": ""CP1""}, {""candidate_id"": 403, ""net"": ""__buf_split_22134"", ""score"": null, ""type"": ""CP1""}, {""candidate_id"": 416, ""net"": ""__aig_and_36060"", ""score"": null, ""type"": ""OP""}, {""candidate_id"": 369, ""net"": ""__aig_and_35155"", ""score"": null, ""type"": ""CP0""}, {""candidate_id"": 384, ""net"": ""new_n14928"", ""score"": null, ""type"": ""CP1""}, {""candidate_id"": 590, ""net"": ""__buf_split_22255"", ""score"": null, ""type"": ""CP1""}, {""candidate_id"": 387, ""net"": ""__aig_and_36045"", ""score"": null, ""type"": ""CP1""}, {""candidate_id"": 601, ""net"": ""__aig_not_36251"", ""score"": null, ""type"": ""CP0""}, {""candidate_id"": 368, ""net"": ""__aig_and_35154"", ""score"": null, ""type"": ""CP0""}, {""candidate_id"": 390, ""net"": ""__buf_split_22130"", ""score"": null, ""type"": ""CP1""}, {""candidate_id"": 596, ""net"": ""__aig_not_36248"", ""score"": null, ""type"": ""CP0""}, {""candidate_id"": 389, ""net"": ""__aig_not_36046"", ""score"": null, ""type"": ""CP0""}, {""candidate_id"": 402, ""net"": ""new_n14932"", ""score"": null, ""type"": ""CP1""}, {""candidate_id"": 404, ""net"": ""__aig_not_36053"", ""score"": null, ""type"": ""CP0""}, {""candidate_id"": 627, ""net"": ""__aig_and_37587"", ""score"": null, ""type"": ""CP0""}, {""candidate_id"": 624, ""net"": ""new_n15548"", ""score"": null, ""type"": ""CP0""}, {""candidate_id"": 410, ""net"": ""__buf_split_22137"", ""score"": null, ""type"": ""CP1""}, {""candidate_id"": 439, ""net"": ""__aig_not_36072"", ""score"": null, ""type"": ""CP0""}, {""candidate_id"": 574, ""net"": ""__aig_not_36236"", ""score"": null, ""type"": ""CP0""}, {""candidate_id"": 362, ""net"": ""__buf_split_21627"", ""score"": null, ""type"": ""CP1""}]",949c26dece61922f427f2b60049d4b552ed07a1cebc257469c610b1875887b1f,7806876821c49d2fce1a5212e227928797c043f680e243520c3f17b0ec995aea,884,836,0.9457,0.9457,100000,61,0.9753700000000001,0.9753700000000001,100000,62,-0.029670000000000085,-0.029670000000000085,0,-1,/data4/pengqingsong/DFT/TPI-my.3/autoresearch/loop-260720-0945/model_training_round3/long_real_labels_v2/sequences/subckt_0197/structural_subckt_0197_00/step_0032/faults.rpt,/data4/pengqingsong/DFT/TPI-my.3/autoresearch/loop-260720-0945/model_training_round3/long_real_labels_v2/sequences/subckt_0197/structural_subckt_0197_00/step_0032/faults_undetected.csv,/data4/pengqingsong/DFT/TPI-my.3/autoresearch/loop-260720-0945/model_training_round3/long_real_labels_v2/sequences/subckt_0197/structural_subckt_0197_00/step_0032/hard_fault_summary.json,48,48,"{""undetected"": 48}",autoresearch/loop-260720-0945/model_training_round3/long_real_labels_v2/sequences/subckt_0197/structural_subckt_0197_00/step_0032,ok,,,,,,0.5422217845916748,structural:subckt_0197:00,autoresearch/loop-260720-0945/model_training_round3/structural32_current/labels.csv
