benchmark_id	state_id	sequence_id	prefix_step	state_actions	prefix_actions	candidate_strategy	candidate_rank	candidate_pool_rank	candidate_pool_size	node	type	action_key	onpolicy_chosen	onpolicy_in_pool	status	oracle_delta_tc	oracle_delta_fault_coverage	oracle_delta_pattern_count	oracle_test_coverage	oracle_fault_coverage	oracle_pattern_count	oracle_hard_fault_count	oracle_undetected_fault_count	oracle_undetected_sa0_count	oracle_undetected_sa1_count	oracle_hard_reduction_total	oracle_hard_reduction_sa0	oracle_hard_reduction_sa1	prefix_test_coverage	prefix_fault_coverage	prefix_pattern_count	prefix_hard_fault_count	prefix_undetected_fault_count	prefix_undetected_sa0_count	prefix_undetected_sa1_count	oracle_error	eval_dir	source_plan_csv	source_plan_sha256	task_signature
subckt_0279	prefix_0048	onpolicy:subckt_0279	48	"[[""new_n50721_"", ""control1""], [""new_n48648_"", ""observe""], [""new_n48578_"", ""observe""], [""new_n47891_"", ""control1""], [""new_n47870_"", ""control0""], [""new_n47885_"", ""control0""], [""new_n48582_"", ""control0""], [""new_n47866_"", ""control0""], [""__buf_split_15402"", ""control0""], [""__buf_split_5"", ""control0""], [""new_n48564_"", ""control1""], [""new_n48728_"", ""control1""], [""__buf_split_35"", ""control0""], [""__buf_split_23"", ""control0""], [""__buf_split_32"", ""control0""], [""__buf_split_25"", ""control0""], [""__buf_split_29"", ""control0""], [""__buf_split_212"", ""control0""], [""__buf_split_211"", ""control0""], [""__buf_split_15424"", ""control0""], [""__buf_split_13997"", ""control0""], [""__buf_split_775"", ""control0""], [""__buf_split_38"", ""control0""], [""new_n48732_"", ""control0""], [""__buf_split_13505"", ""control0""], [""__buf_split_15426"", ""control0""], [""new_n47887_"", ""control0""], [""new_n48566_"", ""control0""], [""new_n116662_"", ""control0""], [""new_n50732_"", ""control0""], [""__buf_split_13502"", ""control0""], [""new_n47872_"", ""control0""], [""__buf_split_13513"", ""control0""], [""__buf_split_13485"", ""control0""], [""new_n47894_"", ""control0""], [""new_n22195_"", ""control0""], [""__buf_split_8"", ""control0""], [""new_n48668_"", ""control0""], [""new_n48571_"", ""control0""], [""__buf_split_31"", ""control0""], [""__buf_split_28"", ""control0""], [""__buf_split_41"", ""control0""], [""new_n48686_"", ""control0""], [""new_n48702_"", ""control0""], [""new_n48725_"", ""control0""], [""new_n48714_"", ""control0""], [""new_n48611_"", ""control0""], [""new_n48634_"", ""control0""]]"	"[[""new_n50721_"", ""control1""], [""new_n48648_"", ""observe""], [""new_n48578_"", ""observe""], [""new_n47891_"", ""control1""], [""new_n47870_"", ""control0""], [""new_n47885_"", ""control0""], [""new_n48582_"", ""control0""], [""new_n47866_"", ""control0""], [""__buf_split_15402"", ""control0""], [""__buf_split_5"", ""control0""], [""new_n48564_"", ""control1""], [""new_n48728_"", ""control1""], [""__buf_split_35"", ""control0""], [""__buf_split_23"", ""control0""], [""__buf_split_32"", ""control0""], [""__buf_split_25"", ""control0""], [""__buf_split_29"", ""control0""], [""__buf_split_212"", ""control0""], [""__buf_split_211"", ""control0""], [""__buf_split_15424"", ""control0""], [""__buf_split_13997"", ""control0""], [""__buf_split_775"", ""control0""], [""__buf_split_38"", ""control0""], [""new_n48732_"", ""control0""], [""__buf_split_13505"", ""control0""], [""__buf_split_15426"", ""control0""], [""new_n47887_"", ""control0""], [""new_n48566_"", ""control0""], [""new_n116662_"", ""control0""], [""new_n50732_"", ""control0""], [""__buf_split_13502"", ""control0""], [""new_n47872_"", ""control0""], [""__buf_split_13513"", ""control0""], [""__buf_split_13485"", ""control0""], [""new_n47894_"", ""control0""], [""new_n22195_"", ""control0""], [""__buf_split_8"", ""control0""], [""new_n48668_"", ""control0""], [""new_n48571_"", ""control0""], [""__buf_split_31"", ""control0""], [""__buf_split_28"", ""control0""], [""__buf_split_41"", ""control0""], [""new_n48686_"", ""control0""], [""new_n48702_"", ""control0""], [""new_n48725_"", ""control0""], [""new_n48714_"", ""control0""], [""new_n48611_"", ""control0""], [""new_n48634_"", ""control0""]]"	hard_fault_cluster	1	1	64	new_n48587_	observe	new_n48587_::observe	0	1	ok	0.0042800000000000615	0.0042800000000000615	0	0.63861	0.63861	300000	292	292	28	264	2	0	2	0.63433	0.63433	300000	294	294	28	266		autoresearch/loop-260720-0945/model_training_round7/long_prefix_oracle/states/subckt_0279/prefix_0048/actions/001_new_n48587___observe	autoresearch/loop-260720-0945/model_training_round7/long_onpolicy_plans/subckt_0279.csv	7fa1e8e67f8cea73d155d68296f6bc9089ecece341952e837c7e64c535bac3f4	8c436a3d1ccad62a5062
subckt_0279	prefix_0048	onpolicy:subckt_0279	48	"[[""new_n50721_"", ""control1""], [""new_n48648_"", ""observe""], [""new_n48578_"", ""observe""], [""new_n47891_"", ""control1""], [""new_n47870_"", ""control0""], [""new_n47885_"", ""control0""], [""new_n48582_"", ""control0""], [""new_n47866_"", ""control0""], [""__buf_split_15402"", ""control0""], [""__buf_split_5"", ""control0""], [""new_n48564_"", ""control1""], [""new_n48728_"", ""control1""], [""__buf_split_35"", ""control0""], [""__buf_split_23"", ""control0""], [""__buf_split_32"", ""control0""], [""__buf_split_25"", ""control0""], [""__buf_split_29"", ""control0""], [""__buf_split_212"", ""control0""], [""__buf_split_211"", ""control0""], [""__buf_split_15424"", ""control0""], [""__buf_split_13997"", ""control0""], [""__buf_split_775"", ""control0""], [""__buf_split_38"", ""control0""], [""new_n48732_"", ""control0""], [""__buf_split_13505"", ""control0""], [""__buf_split_15426"", ""control0""], [""new_n47887_"", ""control0""], [""new_n48566_"", ""control0""], [""new_n116662_"", ""control0""], [""new_n50732_"", ""control0""], [""__buf_split_13502"", ""control0""], [""new_n47872_"", ""control0""], [""__buf_split_13513"", ""control0""], [""__buf_split_13485"", ""control0""], [""new_n47894_"", ""control0""], [""new_n22195_"", ""control0""], [""__buf_split_8"", ""control0""], [""new_n48668_"", ""control0""], [""new_n48571_"", ""control0""], [""__buf_split_31"", ""control0""], [""__buf_split_28"", ""control0""], [""__buf_split_41"", ""control0""], [""new_n48686_"", ""control0""], [""new_n48702_"", ""control0""], [""new_n48725_"", ""control0""], [""new_n48714_"", ""control0""], [""new_n48611_"", ""control0""], [""new_n48634_"", ""control0""]]"	"[[""new_n50721_"", ""control1""], [""new_n48648_"", ""observe""], [""new_n48578_"", ""observe""], [""new_n47891_"", ""control1""], [""new_n47870_"", ""control0""], [""new_n47885_"", ""control0""], [""new_n48582_"", ""control0""], [""new_n47866_"", ""control0""], [""__buf_split_15402"", ""control0""], [""__buf_split_5"", ""control0""], [""new_n48564_"", ""control1""], [""new_n48728_"", ""control1""], [""__buf_split_35"", ""control0""], [""__buf_split_23"", ""control0""], [""__buf_split_32"", ""control0""], [""__buf_split_25"", ""control0""], [""__buf_split_29"", ""control0""], [""__buf_split_212"", ""control0""], [""__buf_split_211"", ""control0""], [""__buf_split_15424"", ""control0""], [""__buf_split_13997"", ""control0""], [""__buf_split_775"", ""control0""], [""__buf_split_38"", ""control0""], [""new_n48732_"", ""control0""], [""__buf_split_13505"", ""control0""], [""__buf_split_15426"", ""control0""], [""new_n47887_"", ""control0""], [""new_n48566_"", ""control0""], [""new_n116662_"", ""control0""], [""new_n50732_"", ""control0""], [""__buf_split_13502"", ""control0""], [""new_n47872_"", ""control0""], [""__buf_split_13513"", ""control0""], [""__buf_split_13485"", ""control0""], [""new_n47894_"", ""control0""], [""new_n22195_"", ""control0""], [""__buf_split_8"", ""control0""], [""new_n48668_"", ""control0""], [""new_n48571_"", ""control0""], [""__buf_split_31"", ""control0""], [""__buf_split_28"", ""control0""], [""__buf_split_41"", ""control0""], [""new_n48686_"", ""control0""], [""new_n48702_"", ""control0""], [""new_n48725_"", ""control0""], [""new_n48714_"", ""control0""], [""new_n48611_"", ""control0""], [""new_n48634_"", ""control0""]]"	hard_fault_cluster	2	2	64	__buf_split_7	control1	__buf_split_7::control1	0	1	ok	0.0009100000000000774	0.0009100000000000774	0	0.63524	0.63524	300000	294	294	28	266	0	0	0	0.63433	0.63433	300000	294	294	28	266		autoresearch/loop-260720-0945/model_training_round7/long_prefix_oracle/states/subckt_0279/prefix_0048/actions/002___buf_split_7__control1	autoresearch/loop-260720-0945/model_training_round7/long_onpolicy_plans/subckt_0279.csv	7fa1e8e67f8cea73d155d68296f6bc9089ecece341952e837c7e64c535bac3f4	8c436a3d1ccad62a5062
subckt_0279	prefix_0048	onpolicy:subckt_0279	48	"[[""new_n50721_"", ""control1""], [""new_n48648_"", ""observe""], [""new_n48578_"", ""observe""], [""new_n47891_"", ""control1""], [""new_n47870_"", ""control0""], [""new_n47885_"", ""control0""], [""new_n48582_"", ""control0""], [""new_n47866_"", ""control0""], [""__buf_split_15402"", ""control0""], [""__buf_split_5"", ""control0""], [""new_n48564_"", ""control1""], [""new_n48728_"", ""control1""], [""__buf_split_35"", ""control0""], [""__buf_split_23"", ""control0""], [""__buf_split_32"", ""control0""], [""__buf_split_25"", ""control0""], [""__buf_split_29"", ""control0""], [""__buf_split_212"", ""control0""], [""__buf_split_211"", ""control0""], [""__buf_split_15424"", ""control0""], [""__buf_split_13997"", ""control0""], [""__buf_split_775"", ""control0""], [""__buf_split_38"", ""control0""], [""new_n48732_"", ""control0""], [""__buf_split_13505"", ""control0""], [""__buf_split_15426"", ""control0""], [""new_n47887_"", ""control0""], [""new_n48566_"", ""control0""], [""new_n116662_"", ""control0""], [""new_n50732_"", ""control0""], [""__buf_split_13502"", ""control0""], [""new_n47872_"", ""control0""], [""__buf_split_13513"", ""control0""], [""__buf_split_13485"", ""control0""], [""new_n47894_"", ""control0""], [""new_n22195_"", ""control0""], [""__buf_split_8"", ""control0""], [""new_n48668_"", ""control0""], [""new_n48571_"", ""control0""], [""__buf_split_31"", ""control0""], [""__buf_split_28"", ""control0""], [""__buf_split_41"", ""control0""], [""new_n48686_"", ""control0""], [""new_n48702_"", ""control0""], [""new_n48725_"", ""control0""], [""new_n48714_"", ""control0""], [""new_n48611_"", ""control0""], [""new_n48634_"", ""control0""]]"	"[[""new_n50721_"", ""control1""], [""new_n48648_"", ""observe""], [""new_n48578_"", ""observe""], [""new_n47891_"", ""control1""], [""new_n47870_"", ""control0""], [""new_n47885_"", ""control0""], [""new_n48582_"", ""control0""], [""new_n47866_"", ""control0""], [""__buf_split_15402"", ""control0""], [""__buf_split_5"", ""control0""], [""new_n48564_"", ""control1""], [""new_n48728_"", ""control1""], [""__buf_split_35"", ""control0""], [""__buf_split_23"", ""control0""], [""__buf_split_32"", ""control0""], [""__buf_split_25"", ""control0""], [""__buf_split_29"", ""control0""], [""__buf_split_212"", ""control0""], [""__buf_split_211"", ""control0""], [""__buf_split_15424"", ""control0""], [""__buf_split_13997"", ""control0""], [""__buf_split_775"", ""control0""], [""__buf_split_38"", ""control0""], [""new_n48732_"", ""control0""], [""__buf_split_13505"", ""control0""], [""__buf_split_15426"", ""control0""], [""new_n47887_"", ""control0""], [""new_n48566_"", ""control0""], [""new_n116662_"", ""control0""], [""new_n50732_"", ""control0""], [""__buf_split_13502"", ""control0""], [""new_n47872_"", ""control0""], [""__buf_split_13513"", ""control0""], [""__buf_split_13485"", ""control0""], [""new_n47894_"", ""control0""], [""new_n22195_"", ""control0""], [""__buf_split_8"", ""control0""], [""new_n48668_"", ""control0""], [""new_n48571_"", ""control0""], [""__buf_split_31"", ""control0""], [""__buf_split_28"", ""control0""], [""__buf_split_41"", ""control0""], [""new_n48686_"", ""control0""], [""new_n48702_"", ""control0""], [""new_n48725_"", ""control0""], [""new_n48714_"", ""control0""], [""new_n48611_"", ""control0""], [""new_n48634_"", ""control0""]]"	hard_fault_cluster	3	3	64	__buf_split_6	control0	__buf_split_6::control0	0	1	ok	0.0009100000000000774	0.0009100000000000774	0	0.63524	0.63524	300000	294	294	28	266	0	0	0	0.63433	0.63433	300000	294	294	28	266		autoresearch/loop-260720-0945/model_training_round7/long_prefix_oracle/states/subckt_0279/prefix_0048/actions/003___buf_split_6__control0	autoresearch/loop-260720-0945/model_training_round7/long_onpolicy_plans/subckt_0279.csv	7fa1e8e67f8cea73d155d68296f6bc9089ecece341952e837c7e64c535bac3f4	8c436a3d1ccad62a5062
subckt_0279	prefix_0048	onpolicy:subckt_0279	48	"[[""new_n50721_"", ""control1""], [""new_n48648_"", ""observe""], [""new_n48578_"", ""observe""], [""new_n47891_"", ""control1""], [""new_n47870_"", ""control0""], [""new_n47885_"", ""control0""], [""new_n48582_"", ""control0""], [""new_n47866_"", ""control0""], [""__buf_split_15402"", ""control0""], [""__buf_split_5"", ""control0""], [""new_n48564_"", ""control1""], [""new_n48728_"", ""control1""], [""__buf_split_35"", ""control0""], [""__buf_split_23"", ""control0""], [""__buf_split_32"", ""control0""], [""__buf_split_25"", ""control0""], [""__buf_split_29"", ""control0""], [""__buf_split_212"", ""control0""], [""__buf_split_211"", ""control0""], [""__buf_split_15424"", ""control0""], [""__buf_split_13997"", ""control0""], [""__buf_split_775"", ""control0""], [""__buf_split_38"", ""control0""], [""new_n48732_"", ""control0""], [""__buf_split_13505"", ""control0""], [""__buf_split_15426"", ""control0""], [""new_n47887_"", ""control0""], [""new_n48566_"", ""control0""], [""new_n116662_"", ""control0""], [""new_n50732_"", ""control0""], [""__buf_split_13502"", ""control0""], [""new_n47872_"", ""control0""], [""__buf_split_13513"", ""control0""], [""__buf_split_13485"", ""control0""], [""new_n47894_"", ""control0""], [""new_n22195_"", ""control0""], [""__buf_split_8"", ""control0""], [""new_n48668_"", ""control0""], [""new_n48571_"", ""control0""], [""__buf_split_31"", ""control0""], [""__buf_split_28"", ""control0""], [""__buf_split_41"", ""control0""], [""new_n48686_"", ""control0""], [""new_n48702_"", ""control0""], [""new_n48725_"", ""control0""], [""new_n48714_"", ""control0""], [""new_n48611_"", ""control0""], [""new_n48634_"", ""control0""]]"	"[[""new_n50721_"", ""control1""], [""new_n48648_"", ""observe""], [""new_n48578_"", ""observe""], [""new_n47891_"", ""control1""], [""new_n47870_"", ""control0""], [""new_n47885_"", ""control0""], [""new_n48582_"", ""control0""], [""new_n47866_"", ""control0""], [""__buf_split_15402"", ""control0""], [""__buf_split_5"", ""control0""], [""new_n48564_"", ""control1""], [""new_n48728_"", ""control1""], [""__buf_split_35"", ""control0""], [""__buf_split_23"", ""control0""], [""__buf_split_32"", ""control0""], [""__buf_split_25"", ""control0""], [""__buf_split_29"", ""control0""], [""__buf_split_212"", ""control0""], [""__buf_split_211"", ""control0""], [""__buf_split_15424"", ""control0""], [""__buf_split_13997"", ""control0""], [""__buf_split_775"", ""control0""], [""__buf_split_38"", ""control0""], [""new_n48732_"", ""control0""], [""__buf_split_13505"", ""control0""], [""__buf_split_15426"", ""control0""], [""new_n47887_"", ""control0""], [""new_n48566_"", ""control0""], [""new_n116662_"", ""control0""], [""new_n50732_"", ""control0""], [""__buf_split_13502"", ""control0""], [""new_n47872_"", ""control0""], [""__buf_split_13513"", ""control0""], [""__buf_split_13485"", ""control0""], [""new_n47894_"", ""control0""], [""new_n22195_"", ""control0""], [""__buf_split_8"", ""control0""], [""new_n48668_"", ""control0""], [""new_n48571_"", ""control0""], [""__buf_split_31"", ""control0""], [""__buf_split_28"", ""control0""], [""__buf_split_41"", ""control0""], [""new_n48686_"", ""control0""], [""new_n48702_"", ""control0""], [""new_n48725_"", ""control0""], [""new_n48714_"", ""control0""], [""new_n48611_"", ""control0""], [""new_n48634_"", ""control0""]]"	hard_fault_cluster	4	4	64	new_n48592_	observe	new_n48592_::observe	0	1	ok	0.006759999999999988	0.006759999999999988	0	0.6410899999999999	0.6410899999999999	300000	290	290	27	263	4	1	3	0.63433	0.63433	300000	294	294	28	266		autoresearch/loop-260720-0945/model_training_round7/long_prefix_oracle/states/subckt_0279/prefix_0048/actions/004_new_n48592___observe	autoresearch/loop-260720-0945/model_training_round7/long_onpolicy_plans/subckt_0279.csv	7fa1e8e67f8cea73d155d68296f6bc9089ecece341952e837c7e64c535bac3f4	8c436a3d1ccad62a5062
subckt_0279	prefix_0048	onpolicy:subckt_0279	48	"[[""new_n50721_"", ""control1""], [""new_n48648_"", ""observe""], [""new_n48578_"", ""observe""], [""new_n47891_"", ""control1""], [""new_n47870_"", ""control0""], [""new_n47885_"", ""control0""], [""new_n48582_"", ""control0""], [""new_n47866_"", ""control0""], [""__buf_split_15402"", ""control0""], [""__buf_split_5"", ""control0""], [""new_n48564_"", ""control1""], [""new_n48728_"", ""control1""], [""__buf_split_35"", ""control0""], [""__buf_split_23"", ""control0""], [""__buf_split_32"", ""control0""], [""__buf_split_25"", ""control0""], [""__buf_split_29"", ""control0""], [""__buf_split_212"", ""control0""], [""__buf_split_211"", ""control0""], [""__buf_split_15424"", ""control0""], [""__buf_split_13997"", ""control0""], [""__buf_split_775"", ""control0""], [""__buf_split_38"", ""control0""], [""new_n48732_"", ""control0""], [""__buf_split_13505"", ""control0""], [""__buf_split_15426"", ""control0""], [""new_n47887_"", ""control0""], [""new_n48566_"", ""control0""], [""new_n116662_"", ""control0""], [""new_n50732_"", ""control0""], [""__buf_split_13502"", ""control0""], [""new_n47872_"", ""control0""], [""__buf_split_13513"", ""control0""], [""__buf_split_13485"", ""control0""], [""new_n47894_"", ""control0""], [""new_n22195_"", ""control0""], [""__buf_split_8"", ""control0""], [""new_n48668_"", ""control0""], [""new_n48571_"", ""control0""], [""__buf_split_31"", ""control0""], [""__buf_split_28"", ""control0""], [""__buf_split_41"", ""control0""], [""new_n48686_"", ""control0""], [""new_n48702_"", ""control0""], [""new_n48725_"", ""control0""], [""new_n48714_"", ""control0""], [""new_n48611_"", ""control0""], [""new_n48634_"", ""control0""]]"	"[[""new_n50721_"", ""control1""], [""new_n48648_"", ""observe""], [""new_n48578_"", ""observe""], [""new_n47891_"", ""control1""], [""new_n47870_"", ""control0""], [""new_n47885_"", ""control0""], [""new_n48582_"", ""control0""], [""new_n47866_"", ""control0""], [""__buf_split_15402"", ""control0""], [""__buf_split_5"", ""control0""], [""new_n48564_"", ""control1""], [""new_n48728_"", ""control1""], [""__buf_split_35"", ""control0""], [""__buf_split_23"", ""control0""], [""__buf_split_32"", ""control0""], [""__buf_split_25"", ""control0""], [""__buf_split_29"", ""control0""], [""__buf_split_212"", ""control0""], [""__buf_split_211"", ""control0""], [""__buf_split_15424"", ""control0""], [""__buf_split_13997"", ""control0""], [""__buf_split_775"", ""control0""], [""__buf_split_38"", ""control0""], [""new_n48732_"", ""control0""], [""__buf_split_13505"", ""control0""], [""__buf_split_15426"", ""control0""], [""new_n47887_"", ""control0""], [""new_n48566_"", ""control0""], [""new_n116662_"", ""control0""], [""new_n50732_"", ""control0""], [""__buf_split_13502"", ""control0""], [""new_n47872_"", ""control0""], [""__buf_split_13513"", ""control0""], [""__buf_split_13485"", ""control0""], [""new_n47894_"", ""control0""], [""new_n22195_"", ""control0""], [""__buf_split_8"", ""control0""], [""new_n48668_"", ""control0""], [""new_n48571_"", ""control0""], [""__buf_split_31"", ""control0""], [""__buf_split_28"", ""control0""], [""__buf_split_41"", ""control0""], [""new_n48686_"", ""control0""], [""new_n48702_"", ""control0""], [""new_n48725_"", ""control0""], [""new_n48714_"", ""control0""], [""new_n48611_"", ""control0""], [""new_n48634_"", ""control0""]]"	hard_fault_cluster	5	5	64	__buf_split_210	control1	__buf_split_210::control1	0	1	ok	-0.0015799999999999148	-0.0015799999999999148	0	0.63275	0.63275	300000	296	296	29	267	-2	-1	-1	0.63433	0.63433	300000	294	294	28	266		autoresearch/loop-260720-0945/model_training_round7/long_prefix_oracle/states/subckt_0279/prefix_0048/actions/005___buf_split_210__control1	autoresearch/loop-260720-0945/model_training_round7/long_onpolicy_plans/subckt_0279.csv	7fa1e8e67f8cea73d155d68296f6bc9089ecece341952e837c7e64c535bac3f4	8c436a3d1ccad62a5062
subckt_0279	prefix_0048	onpolicy:subckt_0279	48	"[[""new_n50721_"", ""control1""], [""new_n48648_"", ""observe""], [""new_n48578_"", ""observe""], [""new_n47891_"", ""control1""], [""new_n47870_"", ""control0""], [""new_n47885_"", ""control0""], [""new_n48582_"", ""control0""], [""new_n47866_"", ""control0""], [""__buf_split_15402"", ""control0""], [""__buf_split_5"", ""control0""], [""new_n48564_"", ""control1""], [""new_n48728_"", ""control1""], [""__buf_split_35"", ""control0""], [""__buf_split_23"", ""control0""], [""__buf_split_32"", ""control0""], [""__buf_split_25"", ""control0""], [""__buf_split_29"", ""control0""], [""__buf_split_212"", ""control0""], [""__buf_split_211"", ""control0""], [""__buf_split_15424"", ""control0""], [""__buf_split_13997"", ""control0""], [""__buf_split_775"", ""control0""], [""__buf_split_38"", ""control0""], [""new_n48732_"", ""control0""], [""__buf_split_13505"", ""control0""], [""__buf_split_15426"", ""control0""], [""new_n47887_"", ""control0""], [""new_n48566_"", ""control0""], [""new_n116662_"", ""control0""], [""new_n50732_"", ""control0""], [""__buf_split_13502"", ""control0""], [""new_n47872_"", ""control0""], [""__buf_split_13513"", ""control0""], [""__buf_split_13485"", ""control0""], [""new_n47894_"", ""control0""], [""new_n22195_"", ""control0""], [""__buf_split_8"", ""control0""], [""new_n48668_"", ""control0""], [""new_n48571_"", ""control0""], [""__buf_split_31"", ""control0""], [""__buf_split_28"", ""control0""], [""__buf_split_41"", ""control0""], [""new_n48686_"", ""control0""], [""new_n48702_"", ""control0""], [""new_n48725_"", ""control0""], [""new_n48714_"", ""control0""], [""new_n48611_"", ""control0""], [""new_n48634_"", ""control0""]]"	"[[""new_n50721_"", ""control1""], [""new_n48648_"", ""observe""], [""new_n48578_"", ""observe""], [""new_n47891_"", ""control1""], [""new_n47870_"", ""control0""], [""new_n47885_"", ""control0""], [""new_n48582_"", ""control0""], [""new_n47866_"", ""control0""], [""__buf_split_15402"", ""control0""], [""__buf_split_5"", ""control0""], [""new_n48564_"", ""control1""], [""new_n48728_"", ""control1""], [""__buf_split_35"", ""control0""], [""__buf_split_23"", ""control0""], [""__buf_split_32"", ""control0""], [""__buf_split_25"", ""control0""], [""__buf_split_29"", ""control0""], [""__buf_split_212"", ""control0""], [""__buf_split_211"", ""control0""], [""__buf_split_15424"", ""control0""], [""__buf_split_13997"", ""control0""], [""__buf_split_775"", ""control0""], [""__buf_split_38"", ""control0""], [""new_n48732_"", ""control0""], [""__buf_split_13505"", ""control0""], [""__buf_split_15426"", ""control0""], [""new_n47887_"", ""control0""], [""new_n48566_"", ""control0""], [""new_n116662_"", ""control0""], [""new_n50732_"", ""control0""], [""__buf_split_13502"", ""control0""], [""new_n47872_"", ""control0""], [""__buf_split_13513"", ""control0""], [""__buf_split_13485"", ""control0""], [""new_n47894_"", ""control0""], [""new_n22195_"", ""control0""], [""__buf_split_8"", ""control0""], [""new_n48668_"", ""control0""], [""new_n48571_"", ""control0""], [""__buf_split_31"", ""control0""], [""__buf_split_28"", ""control0""], [""__buf_split_41"", ""control0""], [""new_n48686_"", ""control0""], [""new_n48702_"", ""control0""], [""new_n48725_"", ""control0""], [""new_n48714_"", ""control0""], [""new_n48611_"", ""control0""], [""new_n48634_"", ""control0""]]"	hard_fault_cluster	6	30	64	new_n48640_	control0	new_n48640_::control0	1	1	ok	-0.00032999999999994145	-0.00032999999999994145	0	0.634	0.634	300000	295	295	28	267	-1	0	-1	0.63433	0.63433	300000	294	294	28	266		autoresearch/loop-260720-0945/model_training_round7/long_prefix_oracle/states/subckt_0279/prefix_0048/actions/006_new_n48640___control0	autoresearch/loop-260720-0945/model_training_round7/long_onpolicy_plans/subckt_0279.csv	7fa1e8e67f8cea73d155d68296f6bc9089ecece341952e837c7e64c535bac3f4	8c436a3d1ccad62a5062
subckt_0279	prefix_0048	onpolicy:subckt_0279	48	"[[""new_n50721_"", ""control1""], [""new_n48648_"", ""observe""], [""new_n48578_"", ""observe""], [""new_n47891_"", ""control1""], [""new_n47870_"", ""control0""], [""new_n47885_"", ""control0""], [""new_n48582_"", ""control0""], [""new_n47866_"", ""control0""], [""__buf_split_15402"", ""control0""], [""__buf_split_5"", ""control0""], [""new_n48564_"", ""control1""], [""new_n48728_"", ""control1""], [""__buf_split_35"", ""control0""], [""__buf_split_23"", ""control0""], [""__buf_split_32"", ""control0""], [""__buf_split_25"", ""control0""], [""__buf_split_29"", ""control0""], [""__buf_split_212"", ""control0""], [""__buf_split_211"", ""control0""], [""__buf_split_15424"", ""control0""], [""__buf_split_13997"", ""control0""], [""__buf_split_775"", ""control0""], [""__buf_split_38"", ""control0""], [""new_n48732_"", ""control0""], [""__buf_split_13505"", ""control0""], [""__buf_split_15426"", ""control0""], [""new_n47887_"", ""control0""], [""new_n48566_"", ""control0""], [""new_n116662_"", ""control0""], [""new_n50732_"", ""control0""], [""__buf_split_13502"", ""control0""], [""new_n47872_"", ""control0""], [""__buf_split_13513"", ""control0""], [""__buf_split_13485"", ""control0""], [""new_n47894_"", ""control0""], [""new_n22195_"", ""control0""], [""__buf_split_8"", ""control0""], [""new_n48668_"", ""control0""], [""new_n48571_"", ""control0""], [""__buf_split_31"", ""control0""], [""__buf_split_28"", ""control0""], [""__buf_split_41"", ""control0""], [""new_n48686_"", ""control0""], [""new_n48702_"", ""control0""], [""new_n48725_"", ""control0""], [""new_n48714_"", ""control0""], [""new_n48611_"", ""control0""], [""new_n48634_"", ""control0""]]"	"[[""new_n50721_"", ""control1""], [""new_n48648_"", ""observe""], [""new_n48578_"", ""observe""], [""new_n47891_"", ""control1""], [""new_n47870_"", ""control0""], [""new_n47885_"", ""control0""], [""new_n48582_"", ""control0""], [""new_n47866_"", ""control0""], [""__buf_split_15402"", ""control0""], [""__buf_split_5"", ""control0""], [""new_n48564_"", ""control1""], [""new_n48728_"", ""control1""], [""__buf_split_35"", ""control0""], [""__buf_split_23"", ""control0""], [""__buf_split_32"", ""control0""], [""__buf_split_25"", ""control0""], [""__buf_split_29"", ""control0""], [""__buf_split_212"", ""control0""], [""__buf_split_211"", ""control0""], [""__buf_split_15424"", ""control0""], [""__buf_split_13997"", ""control0""], [""__buf_split_775"", ""control0""], [""__buf_split_38"", ""control0""], [""new_n48732_"", ""control0""], [""__buf_split_13505"", ""control0""], [""__buf_split_15426"", ""control0""], [""new_n47887_"", ""control0""], [""new_n48566_"", ""control0""], [""new_n116662_"", ""control0""], [""new_n50732_"", ""control0""], [""__buf_split_13502"", ""control0""], [""new_n47872_"", ""control0""], [""__buf_split_13513"", ""control0""], [""__buf_split_13485"", ""control0""], [""new_n47894_"", ""control0""], [""new_n22195_"", ""control0""], [""__buf_split_8"", ""control0""], [""new_n48668_"", ""control0""], [""new_n48571_"", ""control0""], [""__buf_split_31"", ""control0""], [""__buf_split_28"", ""control0""], [""__buf_split_41"", ""control0""], [""new_n48686_"", ""control0""], [""new_n48702_"", ""control0""], [""new_n48725_"", ""control0""], [""new_n48714_"", ""control0""], [""new_n48611_"", ""control0""], [""new_n48634_"", ""control0""]]"	hard_fault_cluster	7	33	64	new_n48645_	control0	new_n48645_::control0	0	1	ok	-0.00032999999999994145	-0.00032999999999994145	0	0.634	0.634	300000	295	295	28	267	-1	0	-1	0.63433	0.63433	300000	294	294	28	266		autoresearch/loop-260720-0945/model_training_round7/long_prefix_oracle/states/subckt_0279/prefix_0048/actions/007_new_n48645___control0	autoresearch/loop-260720-0945/model_training_round7/long_onpolicy_plans/subckt_0279.csv	7fa1e8e67f8cea73d155d68296f6bc9089ecece341952e837c7e64c535bac3f4	8c436a3d1ccad62a5062
subckt_0279	prefix_0048	onpolicy:subckt_0279	48	"[[""new_n50721_"", ""control1""], [""new_n48648_"", ""observe""], [""new_n48578_"", ""observe""], [""new_n47891_"", ""control1""], [""new_n47870_"", ""control0""], [""new_n47885_"", ""control0""], [""new_n48582_"", ""control0""], [""new_n47866_"", ""control0""], [""__buf_split_15402"", ""control0""], [""__buf_split_5"", ""control0""], [""new_n48564_"", ""control1""], [""new_n48728_"", ""control1""], [""__buf_split_35"", ""control0""], [""__buf_split_23"", ""control0""], [""__buf_split_32"", ""control0""], [""__buf_split_25"", ""control0""], [""__buf_split_29"", ""control0""], [""__buf_split_212"", ""control0""], [""__buf_split_211"", ""control0""], [""__buf_split_15424"", ""control0""], [""__buf_split_13997"", ""control0""], [""__buf_split_775"", ""control0""], [""__buf_split_38"", ""control0""], [""new_n48732_"", ""control0""], [""__buf_split_13505"", ""control0""], [""__buf_split_15426"", ""control0""], [""new_n47887_"", ""control0""], [""new_n48566_"", ""control0""], [""new_n116662_"", ""control0""], [""new_n50732_"", ""control0""], [""__buf_split_13502"", ""control0""], [""new_n47872_"", ""control0""], [""__buf_split_13513"", ""control0""], [""__buf_split_13485"", ""control0""], [""new_n47894_"", ""control0""], [""new_n22195_"", ""control0""], [""__buf_split_8"", ""control0""], [""new_n48668_"", ""control0""], [""new_n48571_"", ""control0""], [""__buf_split_31"", ""control0""], [""__buf_split_28"", ""control0""], [""__buf_split_41"", ""control0""], [""new_n48686_"", ""control0""], [""new_n48702_"", ""control0""], [""new_n48725_"", ""control0""], [""new_n48714_"", ""control0""], [""new_n48611_"", ""control0""], [""new_n48634_"", ""control0""]]"	"[[""new_n50721_"", ""control1""], [""new_n48648_"", ""observe""], [""new_n48578_"", ""observe""], [""new_n47891_"", ""control1""], [""new_n47870_"", ""control0""], [""new_n47885_"", ""control0""], [""new_n48582_"", ""control0""], [""new_n47866_"", ""control0""], [""__buf_split_15402"", ""control0""], [""__buf_split_5"", ""control0""], [""new_n48564_"", ""control1""], [""new_n48728_"", ""control1""], [""__buf_split_35"", ""control0""], [""__buf_split_23"", ""control0""], [""__buf_split_32"", ""control0""], [""__buf_split_25"", ""control0""], [""__buf_split_29"", ""control0""], [""__buf_split_212"", ""control0""], [""__buf_split_211"", ""control0""], [""__buf_split_15424"", ""control0""], [""__buf_split_13997"", ""control0""], [""__buf_split_775"", ""control0""], [""__buf_split_38"", ""control0""], [""new_n48732_"", ""control0""], [""__buf_split_13505"", ""control0""], [""__buf_split_15426"", ""control0""], [""new_n47887_"", ""control0""], [""new_n48566_"", ""control0""], [""new_n116662_"", ""control0""], [""new_n50732_"", ""control0""], [""__buf_split_13502"", ""control0""], [""new_n47872_"", ""control0""], [""__buf_split_13513"", ""control0""], [""__buf_split_13485"", ""control0""], [""new_n47894_"", ""control0""], [""new_n22195_"", ""control0""], [""__buf_split_8"", ""control0""], [""new_n48668_"", ""control0""], [""new_n48571_"", ""control0""], [""__buf_split_31"", ""control0""], [""__buf_split_28"", ""control0""], [""__buf_split_41"", ""control0""], [""new_n48686_"", ""control0""], [""new_n48702_"", ""control0""], [""new_n48725_"", ""control0""], [""new_n48714_"", ""control0""], [""new_n48611_"", ""control0""], [""new_n48634_"", ""control0""]]"	hard_fault_cluster	8	59	64	__buf_split_13507	control1	__buf_split_13507::control1	0	1	ok	0.0009100000000000774	0.0009100000000000774	0	0.63524	0.63524	300000	294	294	28	266	0	0	0	0.63433	0.63433	300000	294	294	28	266		autoresearch/loop-260720-0945/model_training_round7/long_prefix_oracle/states/subckt_0279/prefix_0048/actions/008___buf_split_13507__control1	autoresearch/loop-260720-0945/model_training_round7/long_onpolicy_plans/subckt_0279.csv	7fa1e8e67f8cea73d155d68296f6bc9089ecece341952e837c7e64c535bac3f4	8c436a3d1ccad62a5062
subckt_0279	prefix_0048	onpolicy:subckt_0279	48	"[[""new_n50721_"", ""control1""], [""new_n48648_"", ""observe""], [""new_n48578_"", ""observe""], [""new_n47891_"", ""control1""], [""new_n47870_"", ""control0""], [""new_n47885_"", ""control0""], [""new_n48582_"", ""control0""], [""new_n47866_"", ""control0""], [""__buf_split_15402"", ""control0""], [""__buf_split_5"", ""control0""], [""new_n48564_"", ""control1""], [""new_n48728_"", ""control1""], [""__buf_split_35"", ""control0""], [""__buf_split_23"", ""control0""], [""__buf_split_32"", ""control0""], [""__buf_split_25"", ""control0""], [""__buf_split_29"", ""control0""], [""__buf_split_212"", ""control0""], [""__buf_split_211"", ""control0""], [""__buf_split_15424"", ""control0""], [""__buf_split_13997"", ""control0""], [""__buf_split_775"", ""control0""], [""__buf_split_38"", ""control0""], [""new_n48732_"", ""control0""], [""__buf_split_13505"", ""control0""], [""__buf_split_15426"", ""control0""], [""new_n47887_"", ""control0""], [""new_n48566_"", ""control0""], [""new_n116662_"", ""control0""], [""new_n50732_"", ""control0""], [""__buf_split_13502"", ""control0""], [""new_n47872_"", ""control0""], [""__buf_split_13513"", ""control0""], [""__buf_split_13485"", ""control0""], [""new_n47894_"", ""control0""], [""new_n22195_"", ""control0""], [""__buf_split_8"", ""control0""], [""new_n48668_"", ""control0""], [""new_n48571_"", ""control0""], [""__buf_split_31"", ""control0""], [""__buf_split_28"", ""control0""], [""__buf_split_41"", ""control0""], [""new_n48686_"", ""control0""], [""new_n48702_"", ""control0""], [""new_n48725_"", ""control0""], [""new_n48714_"", ""control0""], [""new_n48611_"", ""control0""], [""new_n48634_"", ""control0""]]"	"[[""new_n50721_"", ""control1""], [""new_n48648_"", ""observe""], [""new_n48578_"", ""observe""], [""new_n47891_"", ""control1""], [""new_n47870_"", ""control0""], [""new_n47885_"", ""control0""], [""new_n48582_"", ""control0""], [""new_n47866_"", ""control0""], [""__buf_split_15402"", ""control0""], [""__buf_split_5"", ""control0""], [""new_n48564_"", ""control1""], [""new_n48728_"", ""control1""], [""__buf_split_35"", ""control0""], [""__buf_split_23"", ""control0""], [""__buf_split_32"", ""control0""], [""__buf_split_25"", ""control0""], [""__buf_split_29"", ""control0""], [""__buf_split_212"", ""control0""], [""__buf_split_211"", ""control0""], [""__buf_split_15424"", ""control0""], [""__buf_split_13997"", ""control0""], [""__buf_split_775"", ""control0""], [""__buf_split_38"", ""control0""], [""new_n48732_"", ""control0""], [""__buf_split_13505"", ""control0""], [""__buf_split_15426"", ""control0""], [""new_n47887_"", ""control0""], [""new_n48566_"", ""control0""], [""new_n116662_"", ""control0""], [""new_n50732_"", ""control0""], [""__buf_split_13502"", ""control0""], [""new_n47872_"", ""control0""], [""__buf_split_13513"", ""control0""], [""__buf_split_13485"", ""control0""], [""new_n47894_"", ""control0""], [""new_n22195_"", ""control0""], [""__buf_split_8"", ""control0""], [""new_n48668_"", ""control0""], [""new_n48571_"", ""control0""], [""__buf_split_31"", ""control0""], [""__buf_split_28"", ""control0""], [""__buf_split_41"", ""control0""], [""new_n48686_"", ""control0""], [""new_n48702_"", ""control0""], [""new_n48725_"", ""control0""], [""new_n48714_"", ""control0""], [""new_n48611_"", ""control0""], [""new_n48634_"", ""control0""]]"	hard_fault_cluster	9	64	64	new_n48716_	observe	new_n48716_::observe	0	1	ok	0.0042800000000000615	0.0042800000000000615	0	0.63861	0.63861	300000	292	292	28	264	2	0	2	0.63433	0.63433	300000	294	294	28	266		autoresearch/loop-260720-0945/model_training_round7/long_prefix_oracle/states/subckt_0279/prefix_0048/actions/009_new_n48716___observe	autoresearch/loop-260720-0945/model_training_round7/long_onpolicy_plans/subckt_0279.csv	7fa1e8e67f8cea73d155d68296f6bc9089ecece341952e837c7e64c535bac3f4	8c436a3d1ccad62a5062
